country,year,month,temperature_2m,cloudcover,weather_description_mode
Albania,2023,2023-01,8.545430107526881,51.071236559139784,Clear sky
Albania,2023,2023-02,7.230357142857143,36.648809523809526,Clear sky
Albania,2023,2023-03,11.236827956989249,54.905913978494624,Clear sky
Albania,2023,2023-04,12.487083333333334,58.83611111111111,Overcast
Albania,2023,2023-05,18.523118279569893,58.05510752688172,Overcast
Albania,2023,2023-06,22.61847222222222,47.515277777777776,Clear sky
Albania,2023,2023-07,27.19529569892473,7.665322580645161,Clear sky
Albania,2023,2023-08,25.50779569892473,21.017473118279568,Clear sky
Albania,2023,2023-09,23.052916666666665,37.43055555555556,Clear sky
Albania,2023,2023-10,19.425672043010753,34.67204301075269,Clear sky
Albania,2023,2023-11,13.066666666666666,61.06111111111111,Overcast
Albania,2023,2023-12,9.711290322580645,55.791666666666664,Overcast
Albania,2024,2024-01,7.693682795698925,50.236559139784944,Clear sky
Albania,2024,2024-02,10.372557471264368,48.43103448275862,Clear sky
Albania,2024,2024-03,12.34233870967742,55.348118279569896,Clear sky
Albania,2024,2024-04,15.85625,48.24027777777778,Clear sky
Albania,2024,2024-05,18.868279569892472,55.68682795698925,Overcast
Albania,2024,2024-06,25.13638888888889,25.369444444444444,Clear sky
Albania,2024,2024-07,28.220698924731185,11.60752688172043,Clear sky
Albania,2024,2024-08,27.978897849462363,20.010752688172044,Clear sky
Albania,2024,2024-09,21.5275,45.27777777777778,Clear sky
Albania,2024,2024-10,17.81827956989247,44.58736559139785,Clear sky
Albania,2024,2024-11,11.240833333333333,47.37777777777778,Clear sky
Albania,2024,2024-12,7.740994623655914,53.04435483870968,Clear sky
Albania,2025,2025-01,9.191935483870967,58.928763440860216,Overcast
Albania,2025,2025-02,7.942261904761905,53.830357142857146,Clear sky
Albania,2025,2025-03,12.378494623655914,61.96370967741935,Overcast
Albania,2025,2025-04,13.997083333333332,47.02777777777778,Clear sky
Albania,2025,2025-05,17.71518817204301,46.36290322580645,Clear sky
Albania,2025,2025-06,25.426388888888887,8.890277777777778,Clear sky
Albania,2025,2025-07,27.15967741935484,8.125,Clear sky
Albania,2025,2025-08,25.784005376344084,16.989247311827956,Clear sky
Albania,2025,2025-09,22.210277777777776,29.733333333333334,Clear sky
Albania,2025,2025-10,15.302956989247312,55.71370967741935,Clear sky
Albania,2025,2025-11,15.027777777777779,32.020833333333336,Clear sky
Andorra,2023,2023-01,2.2389784946236557,67.86559139784946,Overcast
Andorra,2023,2023-02,4.206101190476191,41.267857142857146,Clear sky
Andorra,2023,2023-03,8.339247311827956,65.01478494623656,Overcast
Andorra,2023,2023-04,10.331944444444444,72.35833333333333,Overcast
Andorra,2023,2023-05,12.305913978494624,67.5524193548387,Overcast
Andorra,2023,2023-06,17.57611111111111,62.206944444444446,Overcast
Andorra,2023,2023-07,21.50779569892473,31.29032258064516,Clear sky
Andorra,2023,2023-08,21.313440860215056,34.57392473118279,Clear sky
Andorra,2023,2023-09,17.976666666666667,42.7625,Clear sky
Andorra,2023,2023-10,14.400806451612905,54.81720430107527,Clear sky
Andorra,2023,2023-11,8.088194444444444,69.09444444444445,Overcast
Andorra,2023,2023-12,5.671102150537634,58.538978494623656,Overcast
Andorra,2024,2024-01,5.309139784946237,65.15322580645162,Overcast
Andorra,2024,2024-02,6.448563218390804,68.46120689655173,Overcast
Andorra,2024,2024-03,6.545295698924731,73.54569892473118,Overcast
Andorra,2024,2024-04,8.77625,67.02916666666667,Overcast
Andorra,2024,2024-05,11.850268817204302,58.64381720430107,Overcast
Andorra,2024,2024-06,16.880555555555556,56.40277777777778,Overcast
Andorra,2024,2024-07,21.3625,30.239247311827956,Clear sky
Andorra,2024,2024-08,21.695833333333333,33.344086021505376,Clear sky
Andorra,2024,2024-09,13.757361111111111,57.7625,Clear sky
Andorra,2024,2024-10,12.340860215053764,75.19220430107526,Overcast
Andorra,2024,2024-11,8.226111111111111,55.96388888888889,Overcast
Andorra,2024,2024-12,4.109811827956989,58.67204301075269,Clear sky
Andorra,2025,2025-01,3.954569892473118,60.596774193548384,Overcast
Andorra,2025,2025-02,5.069196428571429,62.967261904761905,Overcast
Andorra,2025,2025-03,4.773790322580645,76.98521505376344,Overcast
Andorra,2025,2025-04,9.594583333333334,65.91527777777777,Overcast
Andorra,2025,2025-05,12.863709677419354,57.604838709677416,Overcast
Andorra,2025,2025-06,21.69361111111111,39.74305555555556,Clear sky
Andorra,2025,2025-07,19.893413978494625,35.99596774193548,Clear sky
Andorra,2025,2025-08,21.108198924731184,37.70295698924731,Clear sky
Andorra,2025,2025-09,15.241805555555556,51.480555555555554,Clear sky
Andorra,2025,2025-10,12.078763440860216,53.73252688172043,Overcast
Andorra,2025,2025-11,10.04861111111111,63.40972222222222,Overcast
Austria,2023,2023-01,3.533467741935484,85.93951612903226,Overcast
Austria,2023,2023-02,3.992113095238095,62.47470238095238,Overcast
Austria,2023,2023-03,7.624327956989247,74.27284946236558,Overcast
Austria,2023,2023-04,8.733611111111111,74.88055555555556,Overcast
Austria,2023,2023-05,14.50524193548387,66.74596774193549,Overcast
Austria,2023,2023-06,19.70611111111111,54.165277777777774,Clear sky
Austria,2023,2023-07,23.42311827956989,51.56720430107527,Clear sky
Austria,2023,2023-08,21.741532258064517,50.06182795698925,Clear sky
Austria,2023,2023-09,19.855694444444445,36.645833333333336,Clear sky
Austria,2023,2023-10,14.583870967741936,69.76612903225806,Overcast
Austria,2023,2023-11,6.795833333333333,66.0875,Overcast
Austria,2023,2023-12,3.872715053763441,75.5725806451613,Overcast
Austria,2024,2024-01,1.6051075268817205,56.876344086021504,Overcast
Austria,2024,2024-02,8.30617816091954,78.57758620689656,Overcast
Austria,2024,2024-03,9.196102150537634,67.81854838709677,Overcast
Austria,2024,2024-04,12.628333333333332,69.25,Overcast
Austria,2024,2024-05,16.656586021505376,64.29569892473118,Overcast
Austria,2024,2024-06,20.72861111111111,61.71527777777778,Overcast
Austria,2024,2024-07,23.8505376344086,48.16263440860215,Clear sky
Austria,2024,2024-08,24.553897849462363,48.24596774193548,Clear sky
Austria,2024,2024-09,17.175416666666667,57.4125,Clear sky
Austria,2024,2024-10,12.041397849462365,66.08467741935483,Overcast
Austria,2024,2024-11,4.891111111111111,66.64861111111111,Overcast
Austria,2024,2024-12,2.7676075268817204,67.91666666666667,Overcast
Austria,2025,2025-01,1.5068548387096774,80.09274193548387,Overcast
Austria,2025,2025-02,1.4482142857142857,58.40922619047619,Overcast
Austria,2025,2025-03,7.633602150537634,49.58064516129032,Clear sky
Austria,2025,2025-04,12.833055555555555,57.07083333333333,Overcast
Austria,2025,2025-05,14.900403225806452,56.86290322580645,Overcast
Austria,2025,2025-06,22.726805555555554,37.459722222222226,Clear sky
Austria,2025,2025-07,21.381586021505377,55.259408602150536,Clear sky
Austria,2025,2025-08,22.002419354838707,39.59274193548387,Clear sky
Austria,2025,2025-09,17.33902777777778,50.61666666666667,Clear sky
Austria,2025,2025-10,10.70470430107527,64.10618279569893,Overcast
Austria,2025,2025-11,9.670833333333333,48.875,Clear sky
Belgium,2023,2023-01,5.238575268817204,82.15591397849462,Overcast
Belgium,2023,2023-02,5.414880952380953,67.01190476190476,Overcast
Belgium,2023,2023-03,7.3,80.81451612903226,Overcast
Belgium,2023,2023-04,8.681111111111111,68.825,Overcast
Belgium,2023,2023-05,13.386693548387099,60.67607526881721,Overcast
Belgium,2023,2023-06,20.11375,39.980555555555554,Clear sky
Belgium,2023,2023-07,18.607661290322582,64.39650537634408,Overcast
Belgium,2023,2023-08,18.21518817204301,60.369623655913976,Overcast
Belgium,2023,2023-09,18.91861111111111,57.172222222222224,Overcast
Belgium,2023,2023-10,13.797983870967743,75.8252688172043,Overcast
Belgium,2023,2023-11,7.813888888888889,76.91388888888889,Overcast
Belgium,2023,2023-12,6.745967741935484,83.76881720430107,Overcast
Belgium,2024,2024-01,3.3629032258064515,71.81048387096774,Overcast
Belgium,2024,2024-02,8.250718390804598,89.61206896551724,Overcast
Belgium,2024,2024-03,8.937096774193549,79.0497311827957,Overcast
Belgium,2024,2024-04,10.81611111111111,77.44444444444444,Overcast
Belgium,2024,2024-05,14.720833333333333,72.83736559139786,Overcast
Belgium,2024,2024-06,15.733749999999999,63.05972222222222,Overcast
Belgium,2024,2024-07,18.490591397849464,67.15456989247312,Overcast
Belgium,2024,2024-08,19.798655913978497,58.770161290322584,Overcast
Belgium,2024,2024-09,15.778055555555557,59.63055555555555,Overcast
Belgium,2024,2024-10,12.766263440860216,68.13306451612904,Overcast
Belgium,2024,2024-11,7.593055555555556,79.5111111111111,Overcast
Belgium,2024,2024-12,5.697983870967742,87.97311827956989,Overcast
Belgium,2025,2025-01,2.968548387096774,78.85483870967742,Overcast
Belgium,2025,2025-02,4.411011904761905,71.10714285714286,Overcast
Belgium,2025,2025-03,7.96008064516129,44.170698924731184,Clear sky
Belgium,2025,2025-04,12.64861111111111,45.42916666666667,Clear sky
Belgium,2025,2025-05,15.418548387096774,54.00268817204301,Clear sky
Belgium,2025,2025-06,19.712083333333336,53.30833333333333,Clear sky
Belgium,2025,2025-07,19.900672043010754,54.64784946236559,Clear sky
Belgium,2025,2025-08,19.935080645161293,55.07392473118279,Overcast
Belgium,2025,2025-09,16.13861111111111,60.93611111111111,Overcast
Belgium,2025,2025-10,12.39475806451613,84.38575268817205,Overcast
Belgium,2025,2025-11,12.1875,69.45833333333333,Overcast
Bosnia and Herzegovina,2023,2023-01,3.459543010752688,77.86827956989248,Overcast
Bosnia and Herzegovina,2023,2023-02,2.106547619047619,65.41666666666667,Overcast
Bosnia and Herzegovina,2023,2023-03,6.686962365591398,66.77284946236558,Overcast
Bosnia and Herzegovina,2023,2023-04,8.157777777777778,74.25416666666666,Overcast
Bosnia and Herzegovina,2023,2023-05,14.65981182795699,72.33333333333333,Overcast
Bosnia and Herzegovina,2023,2023-06,18.246111111111112,65.24861111111112,Overcast
Bosnia and Herzegovina,2023,2023-07,22.71505376344086,26.71505376344086,Clear sky
Bosnia and Herzegovina,2023,2023-08,21.122311827956988,34.649193548387096,Clear sky
Bosnia and Herzegovina,2023,2023-09,18.966388888888886,39.6,Clear sky
Bosnia and Herzegovina,2023,2023-10,15.443548387096774,50.55913978494624,Clear sky
Bosnia and Herzegovina,2023,2023-11,7.713888888888889,71.77777777777777,Overcast
Bosnia and Herzegovina,2023,2023-12,5.342069892473118,62.72849462365591,Overcast
Bosnia and Herzegovina,2024,2024-01,2.305779569892473,63.42338709677419,Overcast
Bosnia and Herzegovina,2024,2024-02,7.355028735632184,68.79885057471265,Overcast
Bosnia and Herzegovina,2024,2024-03,8.991397849462366,69.25,Overcast
Bosnia and Herzegovina,2024,2024-04,12.634305555555557,53.977777777777774,Overcast
Bosnia and Herzegovina,2024,2024-05,15.99032258064516,64.12768817204301,Overcast
Bosnia and Herzegovina,2024,2024-06,21.482222222222223,39.61388888888889,Clear sky
Bosnia and Herzegovina,2024,2024-07,23.412096774193547,24.771505376344088,Clear sky
Bosnia and Herzegovina,2024,2024-08,24.167876344086025,34.54838709677419,Clear sky
Bosnia and Herzegovina,2024,2024-09,16.89638888888889,58.53055555555556,Overcast
Bosnia and Herzegovina,2024,2024-10,14.287903225806453,54.69086021505376,Clear sky
Bosnia and Herzegovina,2024,2024-11,4.954166666666667,57.731944444444444,Overcast
Bosnia and Herzegovina,2024,2024-12,2.470833333333333,68.32795698924731,Overcast
Bosnia and Herzegovina,2025,2025-01,3.501478494623656,70.63575268817205,Overcast
Bosnia and Herzegovina,2025,2025-02,3.176041666666667,61.191964285714285,Overcast
Bosnia and Herzegovina,2025,2025-03,8.277956989247311,66.72849462365592,Overcast
Bosnia and Herzegovina,2025,2025-04,11.006944444444445,66.83611111111111,Overcast
Bosnia and Herzegovina,2025,2025-05,13.490860215053765,54.62903225806452,Overcast
Bosnia and Herzegovina,2025,2025-06,21.02625,16.948611111111113,Clear sky
Bosnia and Herzegovina,2025,2025-07,21.399731182795698,28.897849462365592,Clear sky
Bosnia and Herzegovina,2025,2025-08,19.884139784946235,33.58736559139785,Clear sky
Bosnia and Herzegovina,2025,2025-09,17.604861111111113,45.09305555555556,Clear sky
Bosnia and Herzegovina,2025,2025-10,10.238037634408602,68.83333333333333,Overcast
Bosnia and Herzegovina,2025,2025-11,9.391666666666667,35.50694444444444,Clear sky
Bulgaria,2023,2023-01,3.5719086021505375,74.02822580645162,Overcast
Bulgaria,2023,2023-02,2.7330357142857142,60.375,Overcast
Bulgaria,2023,2023-03,6.672311827956989,66.90456989247312,Overcast
Bulgaria,2023,2023-04,8.725694444444445,67.89305555555555,Overcast
Bulgaria,2023,2023-05,13.726344086021506,71.17069892473118,Overcast
Bulgaria,2023,2023-06,18.672777777777778,59.56666666666667,Overcast
Bulgaria,2023,2023-07,24.01048387096774,20.432795698924732,Clear sky
Bulgaria,2023,2023-08,23.589919354838713,27.682795698924732,Clear sky
Bulgaria,2023,2023-09,19.672083333333333,43.890277777777776,Clear sky
Bulgaria,2023,2023-10,15.565994623655914,44.11290322580645,Clear sky
Bulgaria,2023,2023-11,7.046805555555555,65.875,Overcast
Bulgaria,2023,2023-12,3.54247311827957,57.844086021505376,Overcast
Bulgaria,2024,2024-01,0.7157258064516129,57.403225806451616,Overcast
Bulgaria,2024,2024-02,6.301293103448276,64.27586206896552,Overcast
Bulgaria,2024,2024-03,8.24233870967742,63.428763440860216,Overcast
Bulgaria,2024,2024-04,13.775833333333335,45.91111111111111,Clear sky
Bulgaria,2024,2024-05,14.754704301075268,62.67204301075269,Overcast
Bulgaria,2024,2024-06,23.09777777777778,32.99305555555556,Clear sky
Bulgaria,2024,2024-07,25.336155913978494,15.43010752688172,Clear sky
Bulgaria,2024,2024-08,24.33266129032258,26.353494623655912,Clear sky
Bulgaria,2024,2024-09,17.863472222222224,43.85138888888889,Clear sky
Bulgaria,2024,2024-10,12.51236559139785,36.104838709677416,Clear sky
Bulgaria,2024,2024-11,3.925416666666667,55.040277777777774,Clear sky
Bulgaria,2024,2024-12,2.2411290322580646,70.13575268817205,Overcast
Bulgaria,2025,2025-01,1.9434139784946238,54.05779569892473,Overcast
Bulgaria,2025,2025-02,-0.7142857142857143,55.75,Overcast
Bulgaria,2025,2025-03,7.971370967741935,61.571236559139784,Overcast
Bulgaria,2025,2025-04,10.041666666666666,54.07361111111111,Clear sky
Bulgaria,2025,2025-05,14.212231182795698,54.29838709677419,Clear sky
Bulgaria,2025,2025-06,21.924166666666665,16.154166666666665,Clear sky
Bulgaria,2025,2025-07,24.381451612903223,18.768817204301076,Clear sky
Bulgaria,2025,2025-08,22.260349462365593,22.577956989247312,Clear sky
Bulgaria,2025,2025-09,19.205277777777777,37.270833333333336,Clear sky
Bulgaria,2025,2025-10,9.644086021505377,61.604838709677416,Overcast
Bulgaria,2025,2025-11,10.0125,56.479166666666664,Overcast
Croatia,2023,2023-01,4.341397849462366,81.30376344086021,Overcast
Croatia,2023,2023-02,3.5629464285714287,57.09077380952381,Overcast
Croatia,2023,2023-03,8.20483870967742,71.35215053763442,Overcast
Croatia,2023,2023-04,10.01736111111111,76.35972222222222,Overcast
Croatia,2023,2023-05,15.740188172043013,71.11155913978494,Overcast
Croatia,2023,2023-06,20.47736111111111,50.794444444444444,Clear sky
Croatia,2023,2023-07,23.216532258064515,45.89784946236559,Clear sky
Croatia,2023,2023-08,22.12983870967742,38.931451612903224,Clear sky
Croatia,2023,2023-09,19.982083333333335,34.34583333333333,Clear sky
Croatia,2023,2023-10,15.851209677419353,60.49731182795699,Overcast
Croatia,2023,2023-11,7.739444444444444,65.58888888888889,Overcast
Croatia,2023,2023-12,4.116935483870968,64.68548387096774,Overcast
Croatia,2024,2024-01,2.11505376344086,59.903225806451616,Overcast
Croatia,2024,2024-02,8.121551724137932,72.03017241379311,Overcast
Croatia,2024,2024-03,9.970967741935484,69.72849462365592,Overcast
Croatia,2024,2024-04,13.015833333333333,62.022222222222226,Overcast
Croatia,2024,2024-05,16.857392473118278,62.538978494623656,Overcast
Croatia,2024,2024-06,21.555555555555557,54.047222222222224,Clear sky
Croatia,2024,2024-07,24.66774193548387,31.697580645161292,Clear sky
Croatia,2024,2024-08,25.023790322580645,38.259408602150536,Clear sky
Croatia,2024,2024-09,17.744444444444444,55.68472222222222,Clear sky
Croatia,2024,2024-10,13.589247311827956,68.14650537634408,Overcast
Croatia,2024,2024-11,5.509861111111111,69.56111111111112,Overcast
Croatia,2024,2024-12,2.826478494623656,62.95967741935484,Overcast
Croatia,2025,2025-01,3.4684139784946235,71.02150537634408,Overcast
Croatia,2025,2025-02,2.6793154761904763,64.58779761904762,Overcast
Croatia,2025,2025-03,8.743951612903226,58.375,Overcast
Croatia,2025,2025-04,12.999166666666666,60.48888888888889,Overcast
Croatia,2025,2025-05,15.087903225806452,54.54032258064516,Clear sky
Croatia,2025,2025-06,23.76763888888889,27.793055555555554,Clear sky
Croatia,2025,2025-07,23.043682795698924,43.630376344086024,Clear sky
Croatia,2025,2025-08,22.629301075268817,34.17204301075269,Clear sky
Croatia,2025,2025-09,18.48875,54.43194444444445,Clear sky
Croatia,2025,2025-10,11.598118279569892,54.32392473118279,Overcast
Croatia,2025,2025-11,10.818055555555555,37.84027777777778,Clear sky
Cyprus,2023,2023-01,11.830913978494625,37.170698924731184,Clear sky
Cyprus,2023,2023-02,9.749851190476189,30.398809523809526,Clear sky
Cyprus,2023,2023-03,14.760215053763442,45.60349462365591,Clear sky
Cyprus,2023,2023-04,17.023333333333333,41.15555555555556,Clear sky
Cyprus,2023,2023-05,21.276612903225807,33.55241935483871,Clear sky
Cyprus,2023,2023-06,26.0725,19.005555555555556,Clear sky
Cyprus,2023,2023-07,31.434139784946236,1.2983870967741935,Clear sky
Cyprus,2023,2023-08,29.762096774193548,4.116935483870968,Clear sky
Cyprus,2023,2023-09,27.444444444444443,7.884722222222222,Clear sky
Cyprus,2023,2023-10,22.63978494623656,30.099462365591396,Clear sky
Cyprus,2023,2023-11,18.309305555555557,38.00416666666667,Clear sky
Cyprus,2023,2023-12,14.203225806451615,45.08870967741935,Clear sky
Cyprus,2024,2024-01,12.202956989247312,61.068548387096776,Overcast
Cyprus,2024,2024-02,12.216235632183908,47.69971264367816,Clear sky
Cyprus,2024,2024-03,15.025,34.163978494623656,Clear sky
Cyprus,2024,2024-04,20.858611111111113,36.959722222222226,Clear sky
Cyprus,2024,2024-05,23.05483870967742,23.963709677419356,Clear sky
Cyprus,2024,2024-06,31.259166666666665,7.381944444444445,Clear sky
Cyprus,2024,2024-07,31.79717741935484,6.720430107526882,Clear sky
Cyprus,2024,2024-08,30.47284946236559,5.114247311827957,Clear sky
Cyprus,2024,2024-09,26.27638888888889,16.216666666666665,Clear sky
Cyprus,2024,2024-10,21.699462365591398,16.872311827956988,Clear sky
Cyprus,2024,2024-11,16.19625,31.10972222222222,Clear sky
Cyprus,2024,2024-12,12.527956989247311,54.178763440860216,Overcast
Cyprus,2025,2025-01,12.063037634408602,36.28225806451613,Clear sky
Cyprus,2025,2025-02,9.49077380952381,43.67559523809524,Clear sky
Cyprus,2025,2025-03,16.267338709677418,38.86021505376344,Clear sky
Cyprus,2025,2025-04,17.51902777777778,36.05694444444445,Clear sky
Cyprus,2025,2025-05,22.899865591397848,32.33064516129032,Clear sky
Cyprus,2025,2025-06,28.686249999999998,3.7,Clear sky
Cyprus,2025,2025-07,30.63225806451613,2.986559139784946,Clear sky
Cyprus,2025,2025-08,30.3627688172043,2.7701612903225805,Clear sky
Cyprus,2025,2025-09,27.00888888888889,4.805555555555555,Clear sky
Cyprus,2025,2025-10,21.798924731182794,13.396505376344086,Clear sky
Cyprus,2025,2025-11,21.330555555555556,44.02777777777778,Clear sky
Czech Republic,2023,2023-01,3.50752688172043,86.44086021505376,Overcast
Czech Republic,2023,2023-02,2.6761904761904765,69.0327380952381,Overcast
Czech Republic,2023,2023-03,5.999462365591398,78.06182795698925,Overcast
Czech Republic,2023,2023-04,7.631388888888889,72.3625,Overcast
Czech Republic,2023,2023-05,14.22997311827957,61.30913978494624,Overcast
Czech Republic,2023,2023-06,19.271527777777777,56.05833333333333,Overcast
Czech Republic,2023,2023-07,22.211827956989247,58.15456989247312,Overcast
Czech Republic,2023,2023-08,20.458602150537637,58.736559139784944,Clear sky
Czech Republic,2023,2023-09,18.739722222222223,42.56388888888889,Clear sky
Czech Republic,2023,2023-10,13.228225806451611,75.26478494623656,Overcast
Czech Republic,2023,2023-11,5.751666666666666,78.25972222222222,Overcast
Czech Republic,2023,2023-12,3.393951612903226,83.53897849462365,Overcast
Czech Republic,2024,2024-01,0.7564516129032257,64.16397849462365,Overcast
Czech Republic,2024,2024-02,6.642816091954023,86.09770114942529,Overcast
Czech Republic,2024,2024-03,8.095564516129032,71.07123655913979,Overcast
Czech Republic,2024,2024-04,11.655694444444444,66.24722222222222,Overcast
Czech Republic,2024,2024-05,15.814112903225807,66.72043010752688,Overcast
Czech Republic,2024,2024-06,19.592916666666667,62.584722222222226,Overcast
Czech Republic,2024,2024-07,22.008064516129032,58.27956989247312,Overcast
Czech Republic,2024,2024-08,22.289650537634408,53.13978494623656,Clear sky
Czech Republic,2024,2024-09,16.87013888888889,56.49444444444445,Clear sky
Czech Republic,2024,2024-10,11.044489247311828,72.67069892473118,Overcast
Czech Republic,2024,2024-11,4.024861111111111,73.09583333333333,Overcast
Czech Republic,2024,2024-12,1.9762096774193547,72.78629032258064,Overcast
Czech Republic,2025,2025-01,1.7063172043010753,75.07123655913979,Overcast
Czech Republic,2025,2025-02,-0.10252976190476192,57.464285714285715,Overcast
Czech Republic,2025,2025-03,5.810887096774194,48.73790322580645,Clear sky
Czech Republic,2025,2025-04,11.671111111111113,55.44027777777778,Overcast
Czech Republic,2025,2025-05,14.036021505376343,61.733870967741936,Overcast
Czech Republic,2025,2025-06,20.69763888888889,47.00555555555555,Clear sky
Czech Republic,2025,2025-07,20.2625,61.935483870967744,Overcast
Czech Republic,2025,2025-08,20.320967741935483,44.45564516129032,Clear sky
Czech Republic,2025,2025-09,15.676805555555555,54.08888888888889,Clear sky
Czech Republic,2025,2025-10,9.730376344086022,71.78763440860214,Overcast
Czech Republic,2025,2025-11,8.031944444444443,55.875,Clear sky
Denmark,2023,2023-01,3.948790322580645,73.96908602150538,Overcast
Denmark,2023,2023-02,3.1891369047619045,70.70833333333333,Overcast
Denmark,2023,2023-03,3.773252688172043,66.88709677419355,Overcast
Denmark,2023,2023-04,6.674722222222223,49.82222222222222,Clear sky
Denmark,2023,2023-05,11.598387096774195,44.763440860215056,Clear sky
Denmark,2023,2023-06,17.00625,41.37083333333333,Clear sky
Denmark,2023,2023-07,16.97755376344086,55.413978494623656,Overcast
Denmark,2023,2023-08,16.89005376344086,70.71908602150538,Overcast
Denmark,2023,2023-09,17.011666666666667,58.083333333333336,Overcast
Denmark,2023,2023-10,10.921236559139784,76.80510752688173,Overcast
Denmark,2023,2023-11,5.146527777777778,78.34305555555555,Overcast
Denmark,2023,2023-12,3.2719086021505377,86.01075268817205,Overcast
Denmark,2024,2024-01,0.823252688172043,74.82123655913979,Overcast
Denmark,2024,2024-02,4.024568965517242,82.95689655172414,Overcast
Denmark,2024,2024-03,4.773118279569892,73.84946236559139,Overcast
Denmark,2024,2024-04,7.229861111111111,77.63333333333334,Overcast
Denmark,2024,2024-05,13.80981182795699,45.11693548387097,Clear sky
Denmark,2024,2024-06,15.345972222222223,58.979166666666664,Overcast
Denmark,2024,2024-07,17.131182795698926,57.73118279569893,Overcast
Denmark,2024,2024-08,18.023655913978494,55.10215053763441,Overcast
Denmark,2024,2024-09,15.944027777777778,50.36666666666667,Clear sky
Denmark,2024,2024-10,11.33508064516129,67.32930107526882,Overcast
Denmark,2024,2024-11,6.770138888888889,76.86666666666666,Overcast
Denmark,2024,2024-12,5.256048387096774,87.19086021505376,Overcast
Denmark,2025,2025-01,2.941801075268817,77.90322580645162,Overcast
Denmark,2025,2025-02,1.559077380952381,73.02678571428571,Overcast
Denmark,2025,2025-03,5.4340053763440865,51.13709677419355,Clear sky
Denmark,2025,2025-04,9.22375,55.55277777777778,Overcast
Denmark,2025,2025-05,12.042876344086022,57.96370967741935,Overcast
Denmark,2025,2025-06,15.916111111111112,54.52777777777778,Clear sky
Denmark,2025,2025-07,18.407526881720432,61.395161290322584,Overcast
Denmark,2025,2025-08,17.5127688172043,46.200268817204304,Clear sky
Denmark,2025,2025-09,15.744166666666665,44.74027777777778,Clear sky
Denmark,2025,2025-10,10.80725806451613,64.65591397849462,Overcast
Denmark,2025,2025-11,10.777777777777779,74.13888888888889,Overcast
Estonia,2023,2023-01,-1.3553763440860214,90.79166666666667,Overcast
Estonia,2023,2023-02,-1.1285714285714286,87.86458333333333,Overcast
Estonia,2023,2023-03,-0.2845430107526882,78.95564516129032,Overcast
Estonia,2023,2023-04,5.862638888888889,51.540277777777774,Clear sky
Estonia,2023,2023-05,10.682526881720431,41.354838709677416,Clear sky
Estonia,2023,2023-06,16.491111111111113,37.37083333333333,Clear sky
Estonia,2023,2023-07,16.551344086021505,53.06182795698925,Clear sky
Estonia,2023,2023-08,17.752822580645162,65.34543010752688,Overcast
Estonia,2023,2023-09,15.3725,69.20972222222223,Overcast
Estonia,2023,2023-10,5.996639784946237,77.1747311827957,Overcast
Estonia,2023,2023-11,0.8483333333333333,89.50416666666666,Overcast
Estonia,2023,2023-12,-2.996236559139785,93.46102150537635,Overcast
Estonia,2024,2024-01,-6.050537634408602,84.52822580645162,Overcast
Estonia,2024,2024-02,-1.6896551724137931,84.0330459770115,Overcast
Estonia,2024,2024-03,1.959274193548387,71.79301075268818,Overcast
Estonia,2024,2024-04,4.610833333333334,80.97638888888889,Overcast
Estonia,2024,2024-05,13.592204301075268,37.84139784946237,Clear sky
Estonia,2024,2024-06,16.640416666666667,48.06111111111111,Clear sky
Estonia,2024,2024-07,18.790994623655912,64.58064516129032,Overcast
Estonia,2024,2024-08,17.78709677419355,55.685483870967744,Clear sky
Estonia,2024,2024-09,15.423333333333332,57.44722222222222,Overcast
Estonia,2024,2024-10,8.891263440860216,70.42876344086021,Overcast
Estonia,2024,2024-11,4.392361111111111,79.5875,Overcast
Estonia,2024,2024-12,1.3204301075268816,80.11693548387096,Overcast
Estonia,2025,2025-01,0.3049731182795699,84.36962365591398,Overcast
Estonia,2025,2025-02,-2.2287202380952382,86.09821428571429,Overcast
Estonia,2025,2025-03,2.996505376344086,70.2513440860215,Overcast
Estonia,2025,2025-04,6.3284722222222225,59.19027777777778,Overcast
Estonia,2025,2025-05,9.483064516129032,59.12903225806452,Overcast
Estonia,2025,2025-06,14.228611111111112,63.28194444444444,Overcast
Estonia,2025,2025-07,19.085752688172043,62.45564516129032,Overcast
Estonia,2025,2025-08,15.938575268817203,58.53763440860215,Overcast
Estonia,2025,2025-09,14.532638888888888,61.25972222222222,Overcast
Estonia,2025,2025-10,7.440322580645161,70.9489247311828,Overcast
Estonia,2025,2025-11,8.745833333333334,96.72916666666667,Overcast
Finland,2023,2023-01,-0.8481182795698925,85.63440860215054,Overcast
Finland,2023,2023-02,-1.2120535714285714,84.66815476190476,Overcast
Finland,2023,2023-03,-1.1526881720430109,76.12231182795699,Overcast
Finland,2023,2023-04,3.0127777777777776,47.481944444444444,Clear sky
Finland,2023,2023-05,7.912231182795699,51.248655913978496,Clear sky
Finland,2023,2023-06,13.941666666666666,36.50416666666667,Clear sky
Finland,2023,2023-07,15.44005376344086,51.715053763440864,Clear sky
Finland,2023,2023-08,17.120564516129033,63.24596774193548,Overcast
Finland,2023,2023-09,15.857916666666668,70.24722222222222,Overcast
Finland,2023,2023-10,6.477150537634409,73.7741935483871,Overcast
Finland,2023,2023-11,1.7286111111111109,91.88333333333334,Overcast
Finland,2023,2023-12,-2.4586021505376343,90.33602150537635,Overcast
Finland,2024,2024-01,-5.641801075268817,88.00537634408602,Overcast
Finland,2024,2024-02,-3.0977011494252875,84.17959770114942,Overcast
Finland,2024,2024-03,-0.8877688172043011,74.92069892473118,Overcast
Finland,2024,2024-04,2.1297222222222225,80.12222222222222,Overcast
Finland,2024,2024-05,9.66989247311828,37.104838709677416,Clear sky
Finland,2024,2024-06,14.960694444444446,41.34305555555556,Clear sky
Finland,2024,2024-07,17.513306451612902,60.16532258064516,Overcast
Finland,2024,2024-08,17.712096774193547,49.27956989247312,Clear sky
Finland,2024,2024-09,15.490416666666667,56.68888888888889,Clear sky
Finland,2024,2024-10,9.737903225806452,66.78629032258064,Overcast
Finland,2024,2024-11,4.683333333333334,77.26388888888889,Overcast
Finland,2024,2024-12,1.5540322580645163,77.79704301075269,Overcast
Finland,2025,2025-01,0.4075268817204301,82.56182795698925,Overcast
Finland,2025,2025-02,-1.856845238095238,84.28720238095238,Overcast
Finland,2025,2025-03,1.8635752688172043,72.22043010752688,Overcast
Finland,2025,2025-04,4.306111111111111,62.68333333333333,Overcast
Finland,2025,2025-05,8.064650537634408,60.473118279569896,Overcast
Finland,2025,2025-06,12.914444444444444,65.69166666666666,Overcast
Finland,2025,2025-07,17.95551075268817,51.001344086021504,Clear sky
Finland,2025,2025-08,16.05524193548387,59.331989247311824,Overcast
Finland,2025,2025-09,14.344305555555556,61.75277777777778,Overcast
Finland,2025,2025-10,8.760752688172044,71.73521505376344,Overcast
Finland,2025,2025-11,9.07986111111111,94.54166666666667,Overcast
France,2023,2023-01,6.031586021505376,79.77956989247312,Overcast
France,2023,2023-02,5.8046130952380945,62.35565476190476,Overcast
France,2023,2023-03,8.83521505376344,78.6760752688172,Overcast
France,2023,2023-04,9.864444444444445,68.70833333333333,Overcast
France,2023,2023-05,14.671370967741936,52.965053763440864,Clear sky
France,2023,2023-06,21.108611111111113,45.59583333333333,Clear sky
France,2023,2023-07,20.568548387096776,60.39784946236559,Overcast
France,2023,2023-08,19.65739247311828,60.844086021505376,Overcast
France,2023,2023-09,19.882916666666667,53.55972222222222,Overcast
France,2023,2023-10,14.66491935483871,70.54435483870968,Overcast
France,2023,2023-11,9.089583333333334,72.94027777777778,Overcast
France,2023,2023-12,7.584408602150538,84.68682795698925,Overcast
France,2024,2024-01,4.295967741935484,75.25268817204301,Overcast
France,2024,2024-02,8.951724137931034,88.92385057471265,Overcast
France,2024,2024-03,9.25483870967742,80.0524193548387,Overcast
France,2024,2024-04,11.289583333333333,70.94444444444444,Overcast
France,2024,2024-05,14.601612903225806,72.86559139784946,Overcast
France,2024,2024-06,16.7175,59.39861111111111,Overcast
France,2024,2024-07,19.89502688172043,68.18548387096774,Overcast
France,2024,2024-08,20.624193548387098,57.16532258064516,Overcast
France,2024,2024-09,15.75111111111111,63.111111111111114,Overcast
France,2024,2024-10,13.601747311827959,71.2997311827957,Overcast
France,2024,2024-11,8.484027777777778,79.13333333333334,Overcast
France,2024,2024-12,6.231048387096774,83.44489247311827,Overcast
France,2025,2025-01,4.327284946236559,77.46639784946237,Overcast
France,2025,2025-02,5.102678571428571,70.60565476190476,Overcast
France,2025,2025-03,8.513844086021505,51.11693548387097,Clear sky
France,2025,2025-04,13.496805555555557,43.641666666666666,Clear sky
France,2025,2025-05,16.205779569892474,56.50403225806452,Overcast
France,2025,2025-06,21.832638888888887,48.048611111111114,Clear sky
France,2025,2025-07,20.941935483870967,49.76075268817204,Clear sky
France,2025,2025-08,21.19005376344086,44.9744623655914,Clear sky
France,2025,2025-09,16.054166666666667,59.548611111111114,Overcast
France,2025,2025-10,12.788172043010752,65.8239247311828,Overcast
France,2025,2025-11,12.580555555555556,69.72916666666667,Overcast
Germany,2023,2023-01,4.102688172043011,84.16263440860214,Overcast
Germany,2023,2023-02,2.915029761904762,77.1264880952381,Overcast
Germany,2023,2023-03,5.53494623655914,78.61290322580645,Overcast
Germany,2023,2023-04,7.768888888888889,68.78611111111111,Overcast
Germany,2023,2023-05,13.948387096774194,52.873655913978496,Overcast
Germany,2023,2023-06,19.459861111111113,54.5875,Overcast
Germany,2023,2023-07,20.20604838709677,56.32661290322581,Overcast
Germany,2023,2023-08,19.657526881720432,66.71370967741936,Overcast
Germany,2023,2023-09,18.974166666666665,43.013888888888886,Clear sky
Germany,2023,2023-10,12.145564516129031,83.48521505376344,Overcast
Germany,2023,2023-11,5.5280555555555555,75.52361111111111,Overcast
Germany,2023,2023-12,3.7401881720430104,88.85887096774194,Overcast
Germany,2024,2024-01,1.2823924731182796,72.41666666666667,Overcast
Germany,2024,2024-02,6.654454022988506,86.98419540229885,Overcast
Germany,2024,2024-03,7.628225806451613,70.02956989247312,Overcast
Germany,2024,2024-04,10.959444444444445,73.55972222222222,Overcast
Germany,2024,2024-05,16.948252688172044,60.336021505376344,Overcast
Germany,2024,2024-06,18.0475,58.68194444444445,Overcast
Germany,2024,2024-07,20.433870967741935,60.83736559139785,Overcast
Germany,2024,2024-08,21.495833333333334,53.45295698924731,Overcast
Germany,2024,2024-09,17.53902777777778,49.459722222222226,Clear sky
Germany,2024,2024-10,11.528897849462366,67.31586021505376,Overcast
Germany,2024,2024-11,5.3748611111111115,84.43333333333334,Overcast
Germany,2024,2024-12,3.7776881720430104,87.03629032258064,Overcast
Germany,2025,2025-01,2.322177419354839,77.83870967741936,Overcast
Germany,2025,2025-02,0.6875,64.27827380952381,Overcast
Germany,2025,2025-03,6.295430107526882,45.82795698924731,Clear sky
Germany,2025,2025-04,12.069861111111111,51.43333333333333,Clear sky
Germany,2025,2025-05,13.895430107526883,58.79435483870968,Overcast
Germany,2025,2025-06,19.75958333333333,53.704166666666666,Clear sky
Germany,2025,2025-07,19.618817204301074,63.72043010752688,Overcast
Germany,2025,2025-08,18.9252688172043,48.575268817204304,Clear sky
Germany,2025,2025-09,15.723472222222222,47.5625,Clear sky
Germany,2025,2025-10,10.328629032258064,72.0,Overcast
Germany,2025,2025-11,9.95138888888889,67.95138888888889,Overcast
Greece,2023,2023-01,10.689650537634408,44.87231182795699,Clear sky
Greece,2023,2023-02,8.84077380952381,38.232142857142854,Clear sky
Greece,2023,2023-03,12.899596774193547,48.20967741935484,Clear sky
Greece,2023,2023-04,14.859861111111112,49.855555555555554,Clear sky
Greece,2023,2023-05,18.879166666666666,56.528225806451616,Overcast
Greece,2023,2023-06,23.782083333333333,34.97361111111111,Clear sky
Greece,2023,2023-07,30.633333333333333,5.978494623655914,Clear sky
Greece,2023,2023-08,28.571102150537637,11.32258064516129,Clear sky
Greece,2023,2023-09,24.1475,36.169444444444444,Clear sky
Greece,2023,2023-10,21.066397849462366,28.705645161290324,Clear sky
Greece,2023,2023-11,17.047083333333333,41.856944444444444,Clear sky
Greece,2023,2023-12,12.716129032258063,47.63172043010753,Clear sky
Greece,2024,2024-01,9.85725806451613,55.09274193548387,Overcast
Greece,2024,2024-02,11.949137931034484,51.418103448275865,Clear sky
Greece,2024,2024-03,13.705376344086021,42.295698924731184,Clear sky
Greece,2024,2024-04,18.886111111111113,31.55,Clear sky
Greece,2024,2024-05,20.616129032258065,40.556451612903224,Clear sky
Greece,2024,2024-06,29.415555555555557,15.873611111111112,Clear sky
Greece,2024,2024-07,30.36505376344086,7.754032258064516,Clear sky
Greece,2024,2024-08,29.53494623655914,11.653225806451612,Clear sky
Greece,2024,2024-09,24.509722222222223,26.544444444444444,Clear sky
Greece,2024,2024-10,19.881048387096776,22.477150537634408,Clear sky
Greece,2024,2024-11,14.11986111111111,37.00555555555555,Clear sky
Greece,2024,2024-12,11.646236559139783,51.259408602150536,Clear sky
Greece,2025,2025-01,11.222177419354837,51.12231182795699,Clear sky
Greece,2025,2025-02,8.60892857142857,66.2827380952381,Overcast
Greece,2025,2025-03,14.065322580645162,47.825268817204304,Clear sky
Greece,2025,2025-04,15.101944444444444,50.72222222222222,Clear sky
Greece,2025,2025-05,21.017473118279568,38.270161290322584,Clear sky
Greece,2025,2025-06,28.295416666666668,9.0375,Clear sky
Greece,2025,2025-07,30.9125,3.7876344086021505,Clear sky
Greece,2025,2025-08,28.18266129032258,7.005376344086022,Clear sky
Greece,2025,2025-09,25.023472222222225,13.411111111111111,Clear sky
Greece,2025,2025-10,18.671102150537635,43.96370967741935,Clear sky
Greece,2025,2025-11,18.512500000000003,67.64583333333333,Overcast
Hungary,2023,2023-01,3.968010752688172,82.70430107526882,Overcast
Hungary,2023,2023-02,3.4497023809523806,56.436011904761905,Overcast
Hungary,2023,2023-03,7.533064516129032,65.85887096774194,Overcast
Hungary,2023,2023-04,9.899722222222222,68.56111111111112,Overcast
Hungary,2023,2023-05,16.42983870967742,62.26478494623656,Overcast
Hungary,2023,2023-06,20.535555555555558,57.3625,Overcast
Hungary,2023,2023-07,23.76290322580645,48.086021505376344,Clear sky
Hungary,2023,2023-08,23.108064516129033,43.70967741935484,Clear sky
Hungary,2023,2023-09,20.31513888888889,35.668055555555554,Clear sky
Hungary,2023,2023-10,14.524059139784946,67.22715053763442,Overcast
Hungary,2023,2023-11,6.41625,63.293055555555554,Overcast
Hungary,2023,2023-12,2.1126344086021507,73.18951612903226,Overcast
Hungary,2024,2024-01,1.5096774193548388,51.090053763440864,Clear sky
Hungary,2024,2024-02,8.185632183908046,73.7514367816092,Overcast
Hungary,2024,2024-03,9.372715053763441,67.38844086021506,Overcast
Hungary,2024,2024-04,13.336527777777777,65.8861111111111,Overcast
Hungary,2024,2024-05,17.86774193548387,59.759408602150536,Overcast
Hungary,2024,2024-06,21.93125,53.85,Clear sky
Hungary,2024,2024-07,25.209811827956987,40.39784946236559,Clear sky
Hungary,2024,2024-08,25.347580645161287,48.240591397849464,Clear sky
Hungary,2024,2024-09,18.158055555555556,50.65138888888889,Clear sky
Hungary,2024,2024-10,11.559005376344086,49.46774193548387,Clear sky
Hungary,2024,2024-11,3.9008333333333334,65.63333333333334,Overcast
Hungary,2024,2024-12,2.2856182795698925,72.50672043010752,Overcast
Hungary,2025,2025-01,2.575940860215054,74.28897849462365,Overcast
Hungary,2025,2025-02,0.8461309523809524,61.538690476190474,Overcast
Hungary,2025,2025-03,8.14247311827957,55.54704301075269,Clear sky
Hungary,2025,2025-04,13.630972222222221,49.18055555555556,Clear sky
Hungary,2025,2025-05,15.12271505376344,62.48790322580645,Overcast
Hungary,2025,2025-06,24.21847222222222,28.65,Clear sky
Hungary,2025,2025-07,23.70282258064516,43.64381720430107,Clear sky
Hungary,2025,2025-08,23.477688172043013,30.79032258064516,Clear sky
Hungary,2025,2025-09,19.195,45.71388888888889,Clear sky
Hungary,2025,2025-10,11.078763440860216,56.76881720430107,Overcast
Hungary,2025,2025-11,10.09236111111111,45.041666666666664,Clear sky
Ireland,2023,2023-01,6.312634408602151,76.52016129032258,Overcast
Ireland,2023,2023-02,7.94389880952381,84.90625,Overcast
Ireland,2023,2023-03,7.458736559139785,86.8225806451613,Overcast
Ireland,2023,2023-04,9.476111111111111,71.07638888888889,Overcast
Ireland,2023,2023-05,13.101478494623656,71.95295698924731,Overcast
Ireland,2023,2023-06,16.896805555555556,57.375,Overcast
Ireland,2023,2023-07,15.38467741935484,75.77284946236558,Overcast
Ireland,2023,2023-08,15.911021505376343,72.97849462365592,Overcast
Ireland,2023,2023-09,15.541388888888887,67.68055555555556,Overcast
Ireland,2023,2023-10,12.113172043010753,80.46370967741936,Overcast
Ireland,2023,2023-11,7.966666666666667,70.16111111111111,Overcast
Ireland,2023,2023-12,7.824462365591398,82.20698924731182,Overcast
Ireland,2024,2024-01,5.307392473118279,69.38037634408602,Overcast
Ireland,2024,2024-02,7.898850574712644,84.51149425287356,Overcast
Ireland,2024,2024-03,7.991666666666667,81.19086021505376,Overcast
Ireland,2024,2024-04,9.455833333333333,73.0125,Overcast
Ireland,2024,2024-05,13.555376344086023,74.54704301075269,Overcast
Ireland,2024,2024-06,13.700555555555555,73.5625,Overcast
Ireland,2024,2024-07,15.224596774193548,81.66666666666667,Overcast
Ireland,2024,2024-08,16.000806451612902,66.47043010752688,Overcast
Ireland,2024,2024-09,13.220972222222223,67.8236111111111,Overcast
Ireland,2024,2024-10,11.847715053763443,71.07795698924731,Overcast
Ireland,2024,2024-11,8.709027777777777,83.3013888888889,Overcast
Ireland,2024,2024-12,7.774596774193548,79.82123655913979,Overcast
Ireland,2025,2025-01,5.029838709677419,67.15322580645162,Overcast
Ireland,2025,2025-02,6.808630952380952,72.01190476190476,Overcast
Ireland,2025,2025-03,8.402150537634409,69.11290322580645,Overcast
Ireland,2025,2025-04,10.557916666666667,59.24722222222222,Overcast
Ireland,2025,2025-05,12.896774193548389,46.06989247311828,Clear sky
Ireland,2025,2025-06,15.357222222222223,70.95833333333333,Overcast
Ireland,2025,2025-07,17.032526881720432,72.88172043010752,Overcast
Ireland,2025,2025-08,16.79717741935484,62.026881720430104,Overcast
Ireland,2025,2025-09,13.135555555555555,68.1625,Overcast
Ireland,2025,2025-10,11.114784946236558,78.27016129032258,Overcast
Ireland,2025,2025-11,12.466666666666667,80.54166666666667,Overcast
Italy,2023,2023-01,7.78252688172043,62.030913978494624,Overcast
Italy,2023,2023-02,7.3495535714285705,44.413690476190474,Clear sky
Italy,2023,2023-03,11.45228494623656,58.42338709677419,Overcast
Italy,2023,2023-04,12.633611111111112,57.30972222222222,Overcast
Italy,2023,2023-05,17.286021505376343,62.95967741935484,Overcast
Italy,2023,2023-06,22.216805555555556,43.58888888888889,Clear sky
Italy,2023,2023-07,27.636290322580646,16.09005376344086,Clear sky
Italy,2023,2023-08,25.68051075268817,18.63037634408602,Clear sky
Italy,2023,2023-09,22.892777777777777,34.768055555555556,Clear sky
Italy,2023,2023-10,20.052150537634407,44.66129032258065,Clear sky
Italy,2023,2023-11,13.302083333333334,56.94722222222222,Clear sky
Italy,2023,2023-12,9.688709677419354,53.25403225806452,Overcast
Italy,2024,2024-01,8.882795698924731,54.69086021505376,Clear sky
Italy,2024,2024-02,10.218103448275862,60.57183908045977,Overcast
Italy,2024,2024-03,12.356182795698924,63.721774193548384,Overcast
Italy,2024,2024-04,14.65,42.71111111111111,Clear sky
Italy,2024,2024-05,18.039381720430107,53.06317204301075,Overcast
Italy,2024,2024-06,23.348333333333333,27.331944444444446,Clear sky
Italy,2024,2024-07,28.251747311827955,15.198924731182796,Clear sky
Italy,2024,2024-08,28.35483870967742,29.272849462365592,Clear sky
Italy,2024,2024-09,21.084305555555556,46.05833333333333,Clear sky
Italy,2024,2024-10,17.621774193548386,61.263440860215056,Overcast
Italy,2024,2024-11,11.929027777777778,42.2625,Clear sky
Italy,2024,2024-12,7.611155913978495,41.44086021505376,Clear sky
Italy,2025,2025-01,9.419623655913979,62.0255376344086,Overcast
Italy,2025,2025-02,9.246577380952381,58.60863095238095,Clear sky
Italy,2025,2025-03,11.954704301075267,55.884408602150536,Clear sky
Italy,2025,2025-04,14.571805555555557,45.87777777777778,Clear sky
Italy,2025,2025-05,18.10793010752688,43.57258064516129,Clear sky
Italy,2025,2025-06,27.11638888888889,15.238888888888889,Clear sky
Italy,2025,2025-07,27.17970430107527,20.251344086021504,Clear sky
Italy,2025,2025-08,26.610752688172045,25.793010752688172,Clear sky
Italy,2025,2025-09,21.780694444444446,38.576388888888886,Clear sky
Italy,2025,2025-10,16.674059139784948,43.58736559139785,Clear sky
Italy,2025,2025-11,14.67013888888889,37.291666666666664,Clear sky
Latvia,2023,2023-01,-0.5724462365591397,90.15725806451613,Overcast
Latvia,2023,2023-02,-0.5052083333333334,84.0327380952381,Overcast
Latvia,2023,2023-03,1.678763440860215,80.29704301075269,Overcast
Latvia,2023,2023-04,7.689583333333333,55.24861111111111,Overcast
Latvia,2023,2023-05,12.18978494623656,42.58870967741935,Clear sky
Latvia,2023,2023-06,17.472916666666666,51.55694444444445,Clear sky
Latvia,2023,2023-07,17.164381720430107,53.67338709677419,Clear sky
Latvia,2023,2023-08,18.78293010752688,62.895161290322584,Overcast
Latvia,2023,2023-09,16.18888888888889,57.59861111111111,Overcast
Latvia,2023,2023-10,7.595967741935484,81.10215053763442,Overcast
Latvia,2023,2023-11,1.7593055555555557,88.69166666666666,Overcast
Latvia,2023,2023-12,-1.329032258064516,93.46774193548387,Overcast
Latvia,2024,2024-01,-4.905645161290323,82.38172043010752,Overcast
Latvia,2024,2024-02,0.8497126436781609,88.34626436781609,Overcast
Latvia,2024,2024-03,3.665725806451613,67.09274193548387,Overcast
Latvia,2024,2024-04,7.657916666666666,76.84722222222223,Overcast
Latvia,2024,2024-05,14.88763440860215,42.29704301075269,Clear sky
Latvia,2024,2024-06,17.483194444444443,49.702777777777776,Clear sky
Latvia,2024,2024-07,19.49744623655914,60.40725806451613,Overcast
Latvia,2024,2024-08,18.29274193548387,43.38978494623656,Clear sky
Latvia,2024,2024-09,16.594722222222224,48.90694444444444,Clear sky
Latvia,2024,2024-10,8.81505376344086,69.52150537634408,Overcast
Latvia,2024,2024-11,4.5256944444444445,83.14722222222223,Overcast
Latvia,2024,2024-12,2.1231182795698924,87.18817204301075,Overcast
Latvia,2025,2025-01,1.8646505376344085,88.16129032258064,Overcast
Latvia,2025,2025-02,-2.383779761904762,79.63988095238095,Overcast
Latvia,2025,2025-03,4.445833333333333,62.965053763440864,Overcast
Latvia,2025,2025-04,7.744305555555555,54.15138888888889,Clear sky
Latvia,2025,2025-05,10.06774193548387,64.81586021505376,Overcast
Latvia,2025,2025-06,15.36375,61.209722222222226,Clear sky
Latvia,2025,2025-07,19.651612903225807,68.97849462365592,Overcast
Latvia,2025,2025-08,16.488306451612903,55.913978494623656,Clear sky
Latvia,2025,2025-09,15.519583333333333,57.647222222222226,Overcast
Latvia,2025,2025-10,7.699193548387097,69.19623655913979,Overcast
Latvia,2025,2025-11,8.82986111111111,95.22916666666667,Overcast
Lithuania,2023,2023-01,0.043682795698924734,96.49731182795699,Overcast
Lithuania,2023,2023-02,-0.928422619047619,83.52678571428571,Overcast
Lithuania,2023,2023-03,2.6141129032258066,81.43145161290323,Overcast
Lithuania,2023,2023-04,8.145972222222223,67.31944444444444,Overcast
Lithuania,2023,2023-05,13.065994623655914,48.22715053763441,Clear sky
Lithuania,2023,2023-06,18.02125,56.43611111111111,Overcast
Lithuania,2023,2023-07,18.506720430107528,55.181451612903224,Overcast
Lithuania,2023,2023-08,20.466129032258063,57.41532258064516,Overcast
Lithuania,2023,2023-09,16.797361111111112,39.268055555555556,Clear sky
Lithuania,2023,2023-10,8.306048387096775,77.72715053763442,Overcast
Lithuania,2023,2023-11,1.9294444444444445,83.45833333333333,Overcast
Lithuania,2023,2023-12,-0.15228494623655914,96.00403225806451,Overcast
Lithuania,2024,2024-01,-4.211962365591398,89.16397849462365,Overcast
Lithuania,2024,2024-02,2.243390804597701,92.23706896551724,Overcast
Lithuania,2024,2024-03,4.415725806451613,64.26747311827957,Overcast
Lithuania,2024,2024-04,9.210138888888888,77.74027777777778,Overcast
Lithuania,2024,2024-05,15.311559139784945,50.06317204301075,Clear sky
Lithuania,2024,2024-06,18.457222222222224,56.49305555555556,Overcast
Lithuania,2024,2024-07,20.33037634408602,64.45833333333333,Overcast
Lithuania,2024,2024-08,19.506182795698926,47.39784946236559,Clear sky
Lithuania,2024,2024-09,17.578888888888887,51.75833333333333,Clear sky
Lithuania,2024,2024-10,8.693413978494624,72.61424731182795,Overcast
Lithuania,2024,2024-11,3.3541666666666665,83.52777777777777,Overcast
Lithuania,2024,2024-12,1.3510752688172043,89.71908602150538,Overcast
Lithuania,2025,2025-01,1.5336021505376345,90.9986559139785,Overcast
Lithuania,2025,2025-02,-3.288095238095238,72.64583333333333,Overcast
Lithuania,2025,2025-03,4.896908602150538,58.82661290322581,Overcast
Lithuania,2025,2025-04,9.3375,56.92638888888889,Overcast
Lithuania,2025,2025-05,10.210080645161291,71.53494623655914,Overcast
Lithuania,2025,2025-06,15.81875,64.18888888888888,Overcast
Lithuania,2025,2025-07,19.16572580645161,64.03360215053763,Overcast
Lithuania,2025,2025-08,16.79287634408602,49.64784946236559,Clear sky
Lithuania,2025,2025-09,15.312777777777779,55.204166666666666,Overcast
Lithuania,2025,2025-10,7.188306451612903,70.31317204301075,Overcast
Lithuania,2025,2025-11,7.804861111111112,90.61111111111111,Overcast
Luxembourg,2023,2023-01,3.6286290322580643,89.28763440860214,Overcast
Luxembourg,2023,2023-02,3.521279761904762,62.65327380952381,Overcast
Luxembourg,2023,2023-03,6.129704301075269,81.05779569892474,Overcast
Luxembourg,2023,2023-04,7.663333333333334,67.62777777777778,Overcast
Luxembourg,2023,2023-05,13.325268817204302,56.83064516129032,Overcast
Luxembourg,2023,2023-06,19.746944444444445,38.55138888888889,Clear sky
Luxembourg,2023,2023-07,18.48763440860215,60.336021505376344,Overcast
Luxembourg,2023,2023-08,17.726478494623656,57.31586021505376,Clear sky
Luxembourg,2023,2023-09,17.496388888888887,48.916666666666664,Clear sky
Luxembourg,2023,2023-10,12.24032258064516,74.62903225806451,Overcast
Luxembourg,2023,2023-11,6.285833333333334,86.48194444444445,Overcast
Luxembourg,2023,2023-12,4.795564516129033,94.0752688172043,Overcast
Luxembourg,2024,2024-01,1.5995967741935482,81.29301075268818,Overcast
Luxembourg,2024,2024-02,6.575574712643679,89.24137931034483,Overcast
Luxembourg,2024,2024-03,7.718413978494624,83.22849462365592,Overcast
Luxembourg,2024,2024-04,9.168055555555556,78.41805555555555,Overcast
Luxembourg,2024,2024-05,13.570564516129032,72.51075268817205,Overcast
Luxembourg,2024,2024-06,15.62125,58.581944444444446,Overcast
Luxembourg,2024,2024-07,18.114112903225806,63.11424731182796,Overcast
Luxembourg,2024,2024-08,19.449193548387097,53.458333333333336,Clear sky
Luxembourg,2024,2024-09,14.856388888888889,60.145833333333336,Overcast
Luxembourg,2024,2024-10,11.634005376344087,72.98924731182795,Overcast
Luxembourg,2024,2024-11,5.958472222222222,81.3861111111111,Overcast
Luxembourg,2024,2024-12,2.806989247311828,88.34543010752688,Overcast
Luxembourg,2025,2025-01,2.1959677419354837,81.4502688172043,Overcast
Luxembourg,2025,2025-02,2.3660714285714284,74.12053571428571,Overcast
Luxembourg,2025,2025-03,6.560752688172043,47.39784946236559,Clear sky
Luxembourg,2025,2025-04,10.277777777777779,46.638888888888886,Clear sky
Luxembourg,2025,2025-05,13.823924731182796,46.388440860215056,Clear sky
Luxembourg,2025,2025-06,19.350833333333334,47.451388888888886,Clear sky
Luxembourg,2025,2025-07,18.606720430107526,55.12903225806452,Overcast
Luxembourg,2025,2025-08,18.93951612903226,44.06720430107527,Clear sky
Luxembourg,2025,2025-09,14.013055555555555,70.21527777777777,Overcast
Luxembourg,2025,2025-10,10.304435483870968,75.09543010752688,Overcast
Luxembourg,2025,2025-11,9.244444444444445,77.70138888888889,Overcast
Malta,2023,2023-01,13.78266129032258,38.435483870967744,Clear sky
Malta,2023,2023-02,12.868005952380951,40.15029761904762,Clear sky
Malta,2023,2023-03,14.812231182795697,36.11827956989247,Clear sky
Malta,2023,2023-04,15.973333333333333,40.78055555555556,Clear sky
Malta,2023,2023-05,18.851881720430107,49.336021505376344,Clear sky
Malta,2023,2023-06,23.238194444444446,30.38888888888889,Clear sky
Malta,2023,2023-07,29.118145161290325,1.1801075268817205,Clear sky
Malta,2023,2023-08,27.183198924731183,11.774193548387096,Clear sky
Malta,2023,2023-09,25.358472222222222,36.68055555555556,Clear sky
Malta,2023,2023-10,24.347983870967745,19.852150537634408,Clear sky
Malta,2023,2023-11,20.136111111111113,38.295833333333334,Clear sky
Malta,2023,2023-12,16.161424731182795,60.58467741935484,Overcast
Malta,2024,2024-01,14.478225806451611,48.15456989247312,Clear sky
Malta,2024,2024-02,14.573563218390806,46.785919540229884,Clear sky
Malta,2024,2024-03,16.01048387096774,27.868279569892472,Clear sky
Malta,2024,2024-04,17.389722222222222,40.83888888888889,Clear sky
Malta,2024,2024-05,20.561424731182797,37.956989247311824,Clear sky
Malta,2024,2024-06,25.419027777777778,22.268055555555556,Clear sky
Malta,2024,2024-07,27.95456989247312,2.763440860215054,Clear sky
Malta,2024,2024-08,28.712634408602153,10.701612903225806,Clear sky
Malta,2024,2024-09,25.44486111111111,37.106944444444444,Clear sky
Malta,2024,2024-10,22.902016129032255,39.600806451612904,Clear sky
Malta,2024,2024-11,19.005,35.584722222222226,Clear sky
Malta,2024,2024-12,15.251344086021506,49.766129032258064,Mainly clear
Malta,2025,2025-01,14.838709677419354,45.314516129032256,Clear sky
Malta,2025,2025-02,13.78392857142857,46.601190476190474,Clear sky
Malta,2025,2025-03,15.94018817204301,47.19086021505376,Clear sky
Malta,2025,2025-04,16.55263888888889,46.68194444444445,Clear sky
Malta,2025,2025-05,20.649865591397848,28.352150537634408,Clear sky
Malta,2025,2025-06,26.06611111111111,3.6458333333333335,Clear sky
Malta,2025,2025-07,28.083198924731185,2.793010752688172,Clear sky
Malta,2025,2025-08,26.965994623655916,7.549731182795699,Clear sky
Malta,2025,2025-09,25.74152777777778,22.918055555555554,Clear sky
Malta,2025,2025-10,21.412634408602152,36.969086021505376,Clear sky
Malta,2025,2025-11,19.611805555555556,34.076388888888886,Clear sky
Netherlands,2023,2023-01,5.641263440860215,77.07930107526882,Overcast
Netherlands,2023,2023-02,5.6849702380952385,75.70386904761905,Overcast
Netherlands,2023,2023-03,6.623790322580645,78.59677419354838,Overcast
Netherlands,2023,2023-04,8.3875,64.16111111111111,Overcast
Netherlands,2023,2023-05,12.745430107526882,65.94354838709677,Overcast
Netherlands,2023,2023-06,18.5475,43.47361111111111,Clear sky
Netherlands,2023,2023-07,17.775806451612905,61.36021505376344,Overcast
Netherlands,2023,2023-08,17.29986559139785,60.07392473118279,Overcast
Netherlands,2023,2023-09,17.93736111111111,63.458333333333336,Overcast
Netherlands,2023,2023-10,13.3497311827957,84.25403225806451,Overcast
Netherlands,2023,2023-11,7.875277777777778,77.88055555555556,Overcast
Netherlands,2023,2023-12,6.641397849462366,83.08333333333333,Overcast
Netherlands,2024,2024-01,4.041129032258064,70.29838709677419,Overcast
Netherlands,2024,2024-02,7.809913793103448,87.30459770114942,Overcast
Netherlands,2024,2024-03,8.506317204301075,81.56586021505376,Overcast
Netherlands,2024,2024-04,10.184861111111111,76.12777777777778,Overcast
Netherlands,2024,2024-05,15.061290322580646,65.68413978494624,Overcast
Netherlands,2024,2024-06,15.198194444444445,61.483333333333334,Overcast
Netherlands,2024,2024-07,17.48575268817204,66.18817204301075,Overcast
Netherlands,2024,2024-08,19.05551075268817,59.288978494623656,Overcast
Netherlands,2024,2024-09,15.887083333333335,58.079166666666666,Overcast
Netherlands,2024,2024-10,12.241129032258064,66.32123655913979,Overcast
Netherlands,2024,2024-11,7.345833333333333,77.07222222222222,Overcast
Netherlands,2024,2024-12,6.47486559139785,91.93817204301075,Overcast
Netherlands,2025,2025-01,3.7801075268817206,78.11290322580645,Overcast
Netherlands,2025,2025-02,3.8150297619047615,73.88988095238095,Overcast
Netherlands,2025,2025-03,7.001478494623656,43.443548387096776,Clear sky
Netherlands,2025,2025-04,11.05638888888889,46.30694444444445,Clear sky
Netherlands,2025,2025-05,13.943951612903225,44.89381720430107,Clear sky
Netherlands,2025,2025-06,17.889027777777777,48.2125,Clear sky
Netherlands,2025,2025-07,18.80497311827957,57.094086021505376,Overcast
Netherlands,2025,2025-08,18.319220430107528,58.02956989247312,Overcast
Netherlands,2025,2025-09,15.229166666666666,62.40555555555556,Overcast
Netherlands,2025,2025-10,12.206586021505377,84.89784946236558,Overcast
Netherlands,2025,2025-11,11.728472222222223,81.43055555555556,Overcast
North Macedonia,2023,2023-01,4.90752688172043,72.93010752688173,Overcast
North Macedonia,2023,2023-02,4.663244047619047,50.90029761904762,Clear sky
North Macedonia,2023,2023-03,9.0625,60.276881720430104,Overcast
North Macedonia,2023,2023-04,10.79138888888889,62.143055555555556,Overcast
North Macedonia,2023,2023-05,16.407123655913978,65.43010752688173,Overcast
North Macedonia,2023,2023-06,21.536666666666665,58.083333333333336,Overcast
North Macedonia,2023,2023-07,26.891801075268816,14.66263440860215,Clear sky
North Macedonia,2023,2023-08,25.971236559139783,22.362903225806452,Clear sky
North Macedonia,2023,2023-09,22.485833333333332,37.11944444444445,Clear sky
North Macedonia,2023,2023-10,17.24233870967742,41.16129032258065,Clear sky
North Macedonia,2023,2023-11,8.895416666666666,65.42222222222222,Overcast
North Macedonia,2023,2023-12,4.601344086021506,51.983870967741936,Clear sky
North Macedonia,2024,2024-01,2.309274193548387,53.36693548387097,Clear sky
North Macedonia,2024,2024-02,7.5393678160919535,53.275862068965516,Overcast
North Macedonia,2024,2024-03,10.454032258064517,59.986559139784944,Overcast
North Macedonia,2024,2024-04,15.649583333333334,42.72083333333333,Clear sky
North Macedonia,2024,2024-05,17.94543010752688,57.93413978494624,Overcast
North Macedonia,2024,2024-06,26.16611111111111,29.431944444444444,Clear sky
North Macedonia,2024,2024-07,28.195564516129032,17.551075268817204,Clear sky
North Macedonia,2024,2024-08,27.343145161290323,27.141129032258064,Clear sky
North Macedonia,2024,2024-09,20.52388888888889,43.62222222222222,Clear sky
North Macedonia,2024,2024-10,14.743279569892474,40.43010752688172,Clear sky
North Macedonia,2024,2024-11,6.176388888888889,47.454166666666666,Clear sky
North Macedonia,2024,2024-12,3.859811827956989,59.638440860215056,Clear sky
North Macedonia,2025,2025-01,1.8239247311827957,64.81854838709677,Overcast
North Macedonia,2025,2025-02,3.305654761904762,53.39732142857143,Overcast
North Macedonia,2025,2025-03,9.938306451612904,55.91129032258065,Clear sky
North Macedonia,2025,2025-04,13.042361111111111,55.85138888888889,Overcast
North Macedonia,2025,2025-05,17.12715053763441,51.973118279569896,Clear sky
North Macedonia,2025,2025-06,25.78666666666667,12.227777777777778,Clear sky
North Macedonia,2025,2025-07,28.089516129032255,16.670698924731184,Clear sky
North Macedonia,2025,2025-08,25.953763440860214,20.741935483870968,Clear sky
North Macedonia,2025,2025-09,21.800416666666667,36.49027777777778,Clear sky
North Macedonia,2025,2025-10,11.883467741935483,64.76478494623656,Overcast
North Macedonia,2025,2025-11,11.674305555555556,50.11805555555556,Clear sky
Norway,2023,2023-01,-2.009811827956989,84.3508064516129,Overcast
Norway,2023,2023-02,-0.46309523809523806,69.03869047619048,Overcast
Norway,2023,2023-03,-1.3096774193548386,62.85752688172043,Overcast
Norway,2023,2023-04,4.942777777777778,58.897222222222226,Clear sky
Norway,2023,2023-05,11.71774193548387,49.965053763440864,Clear sky
Norway,2023,2023-06,18.902083333333334,43.858333333333334,Clear sky
Norway,2023,2023-07,16.086424731182795,68.47311827956989,Drizzle: Light
Norway,2023,2023-08,15.861424731182796,78.02822580645162,Overcast
Norway,2023,2023-09,14.271805555555556,70.97222222222223,Overcast
Norway,2023,2023-10,5.655779569892473,71.56451612903226,Overcast
Norway,2023,2023-11,-0.31124999999999997,83.64583333333333,Overcast
Norway,2023,2023-12,-5.183602150537634,76.36962365591398,Overcast
Norway,2024,2024-01,-7.238844086021505,72.58736559139786,Overcast
Norway,2024,2024-02,-2.272413793103448,80.78879310344827,Overcast
Norway,2024,2024-03,1.9061827956989248,82.51881720430107,Overcast
Norway,2024,2024-04,4.9847222222222225,67.475,Overcast
Norway,2024,2024-05,15.646370967741936,56.78629032258065,Overcast
Norway,2024,2024-06,14.869166666666665,60.5125,Overcast
Norway,2024,2024-07,16.481586021505375,69.70295698924731,Overcast
Norway,2024,2024-08,16.098521505376343,67.15456989247312,Overcast
Norway,2024,2024-09,13.00513888888889,59.361111111111114,Clear sky
Norway,2024,2024-10,7.906854838709677,75.02822580645162,Overcast
Norway,2024,2024-11,2.2693055555555555,73.81805555555556,Overcast
Norway,2024,2024-12,-0.10255376344086019,80.1008064516129,Overcast
Norway,2025,2025-01,-3.17997311827957,76.49462365591398,Overcast
Norway,2025,2025-02,-3.591964285714286,59.523809523809526,Overcast
Norway,2025,2025-03,3.18252688172043,65.65591397849462,Overcast
Norway,2025,2025-04,8.720694444444444,64.43888888888888,Overcast
Norway,2025,2025-05,12.502822580645162,54.016129032258064,Clear sky
Norway,2025,2025-06,15.406527777777779,60.670833333333334,Overcast
Norway,2025,2025-07,20.685618279569894,59.80913978494624,Clear sky
Norway,2025,2025-08,16.477150537634408,59.41129032258065,Overcast
Norway,2025,2025-09,13.197222222222223,67.08611111111111,Overcast
Norway,2025,2025-10,7.584677419354839,73.29838709677419,Overcast
Norway,2025,2025-11,8.634722222222223,98.0,Overcast
Poland,2023,2023-01,3.0329301075268815,94.18548387096774,Overcast
Poland,2023,2023-02,1.04375,82.5,Overcast
Poland,2023,2023-03,4.104704301075269,79.58467741935483,Overcast
Poland,2023,2023-04,8.407916666666667,63.833333333333336,Overcast
Poland,2023,2023-05,13.513575268817204,53.295698924731184,Clear sky
Poland,2023,2023-06,18.492361111111112,54.40694444444444,Clear sky
Poland,2023,2023-07,20.635215053763442,55.81182795698925,Overcast
Poland,2023,2023-08,20.813709677419354,61.219086021505376,Overcast
Poland,2023,2023-09,18.286805555555556,37.24166666666667,Clear sky
Poland,2023,2023-10,11.166935483870969,75.8225806451613,Overcast
Poland,2023,2023-11,3.6991666666666667,79.27777777777777,Overcast
Poland,2023,2023-12,1.4704301075268817,89.61827956989248,Overcast
Poland,2024,2024-01,-0.6229838709677419,84.73387096774194,Overcast
Poland,2024,2024-02,5.597270114942528,90.39224137931035,Overcast
Poland,2024,2024-03,6.345295698924731,69.62231182795699,Overcast
Poland,2024,2024-04,10.8075,71.45694444444445,Overcast
Poland,2024,2024-05,17.233602150537635,50.13306451612903,Clear sky
Poland,2024,2024-06,19.37388888888889,59.516666666666666,Overcast
Poland,2024,2024-07,21.61706989247312,55.47849462365591,Overcast
Poland,2024,2024-08,20.678897849462366,52.108870967741936,Clear sky
Poland,2024,2024-09,17.98402777777778,49.90277777777778,Clear sky
Poland,2024,2024-10,10.0,66.68413978494624,Overcast
Poland,2024,2024-11,3.7919444444444443,77.18333333333334,Overcast
Poland,2024,2024-12,2.579301075268817,84.31182795698925,Overcast
Poland,2025,2025-01,1.9073924731182794,81.4274193548387,Overcast
Poland,2025,2025-02,-1.0019345238095236,61.645833333333336,Overcast
Poland,2025,2025-03,6.363172043010753,58.961021505376344,Overcast
Poland,2025,2025-04,11.481388888888889,54.415277777777774,Overcast
Poland,2025,2025-05,12.089650537634409,62.516129032258064,Overcast
Poland,2025,2025-06,18.585277777777776,54.55555555555556,Overcast
Poland,2025,2025-07,19.83319892473118,62.43010752688172,Overcast
Poland,2025,2025-08,19.552284946236558,46.9005376344086,Clear sky
Poland,2025,2025-09,16.228194444444444,51.78333333333333,Clear sky
Poland,2025,2025-10,8.458467741935484,67.36021505376344,Overcast
Poland,2025,2025-11,8.402777777777779,62.583333333333336,Overcast
Portugal,2023,2023-01,11.451478494623656,43.99327956989247,Clear sky
Portugal,2023,2023-02,10.99389880952381,38.70238095238095,Clear sky
Portugal,2023,2023-03,13.913172043010752,67.65456989247312,Overcast
Portugal,2023,2023-04,17.57263888888889,42.65694444444444,Clear sky
Portugal,2023,2023-05,18.913709677419355,47.043010752688176,Clear sky
Portugal,2023,2023-06,21.688472222222224,37.297222222222224,Clear sky
Portugal,2023,2023-07,22.006317204301077,21.120967741935484,Clear sky
Portugal,2023,2023-08,23.656720430107526,28.098118279569892,Clear sky
Portugal,2023,2023-09,20.86638888888889,44.888888888888886,Clear sky
Portugal,2023,2023-10,19.883602150537634,55.76209677419355,Clear sky
Portugal,2023,2023-11,15.511527777777777,60.515277777777776,Overcast
Portugal,2023,2023-12,11.926881720430108,56.33467741935484,Overcast
Portugal,2024,2024-01,12.986155913978495,72.79032258064517,Overcast
Portugal,2024,2024-02,14.088649425287358,62.32471264367816,Overcast
Portugal,2024,2024-03,13.70725806451613,69.01344086021506,Overcast
Portugal,2024,2024-04,16.467777777777776,53.84722222222222,Overcast
Portugal,2024,2024-05,17.481317204301074,41.24731182795699,Clear sky
Portugal,2024,2024-06,19.47138888888889,49.28611111111111,Clear sky
Portugal,2024,2024-07,22.26236559139785,26.732526881720432,Clear sky
Portugal,2024,2024-08,22.638306451612905,30.111559139784948,Clear sky
Portugal,2024,2024-09,20.366527777777776,37.230555555555554,Clear sky
Portugal,2024,2024-10,18.493682795698923,60.223118279569896,Overcast
Portugal,2024,2024-11,16.154305555555556,64.11666666666666,Overcast
Portugal,2024,2024-12,12.05241935483871,37.91935483870968,Clear sky
Portugal,2025,2025-01,12.909274193548388,65.23387096774194,Overcast
Portugal,2025,2025-02,12.565029761904762,72.88392857142857,Overcast
Portugal,2025,2025-03,12.78252688172043,53.94086021505376,Clear sky
Portugal,2025,2025-04,15.521111111111113,58.82083333333333,Overcast
Portugal,2025,2025-05,18.259274193548386,34.545698924731184,Clear sky
Portugal,2025,2025-06,22.40611111111111,39.36805555555556,Clear sky
Portugal,2025,2025-07,23.561021505376345,21.443548387096776,Clear sky
Portugal,2025,2025-08,23.8002688172043,20.713709677419356,Clear sky
Portugal,2025,2025-09,20.96611111111111,38.55138888888889,Clear sky
Portugal,2025,2025-10,20.2880376344086,54.46370967741935,Overcast
Portugal,2025,2025-11,16.402083333333334,74.36111111111111,Overcast
Romania,2023,2023-01,4.65268817204301,74.60887096774194,Overcast
Romania,2023,2023-02,3.1586309523809524,56.742559523809526,Overcast
Romania,2023,2023-03,8.1877688172043,68.32930107526882,Overcast
Romania,2023,2023-04,10.669166666666667,74.07083333333334,Overcast
Romania,2023,2023-05,16.616801075268818,61.41935483870968,Overcast
Romania,2023,2023-06,21.856666666666666,53.390277777777776,Overcast
Romania,2023,2023-07,26.01559139784946,29.706989247311828,Clear sky
Romania,2023,2023-08,26.075134408602153,27.400537634408604,Clear sky
Romania,2023,2023-09,21.739583333333332,34.022222222222226,Clear sky
Romania,2023,2023-10,16.07782258064516,42.94220430107527,Clear sky
Romania,2023,2023-11,8.391111111111112,60.18194444444445,Overcast
Romania,2023,2023-12,3.9544354838709674,66.02150537634408,Overcast
Romania,2024,2024-01,0.8021505376344086,64.42338709677419,Overcast
Romania,2024,2024-02,7.7027298850574715,72.55603448275862,Overcast
Romania,2024,2024-03,8.535618279569892,66.84811827956989,Overcast
Romania,2024,2024-04,15.046111111111113,52.668055555555554,Clear sky
Romania,2024,2024-05,16.545026881720432,62.45564516129032,Overcast
Romania,2024,2024-06,25.917777777777776,35.0125,Clear sky
Romania,2024,2024-07,27.796370967741936,28.18010752688172,Clear sky
Romania,2024,2024-08,26.76666666666667,33.270161290322584,Clear sky
Romania,2024,2024-09,20.195694444444445,42.270833333333336,Clear sky
Romania,2024,2024-10,13.383736559139784,37.36021505376344,Clear sky
Romania,2024,2024-11,4.860555555555555,56.09722222222222,Clear sky
Romania,2024,2024-12,3.741532258064516,72.36559139784946,Overcast
Romania,2025,2025-01,3.647311827956989,46.696236559139784,Clear sky
Romania,2025,2025-02,-2.3034226190476192,66.81994047619048,Overcast
Romania,2025,2025-03,9.488440860215054,63.7244623655914,Overcast
Romania,2025,2025-04,12.167083333333332,50.50694444444444,Clear sky
Romania,2025,2025-05,16.22231182795699,57.490591397849464,Overcast
Romania,2025,2025-06,24.502777777777776,24.926388888888887,Clear sky
Romania,2025,2025-07,27.549193548387095,20.598118279569892,Clear sky
Romania,2025,2025-08,25.34354838709677,20.740591397849464,Clear sky
Romania,2025,2025-09,20.52486111111111,43.084722222222226,Clear sky
Romania,2025,2025-10,11.45739247311828,62.85752688172043,Overcast
Romania,2025,2025-11,11.554861111111112,54.05555555555556,Clear sky
San Marino,2023,2023-01,3.7381720430107523,76.40322580645162,Overcast
San Marino,2023,2023-02,3.318452380952381,49.083333333333336,Clear sky
San Marino,2023,2023-03,7.88991935483871,66.74596774193549,Overcast
San Marino,2023,2023-04,8.619444444444444,62.36666666666667,Overcast
San Marino,2023,2023-05,13.106048387096774,62.719086021505376,Clear sky
San Marino,2023,2023-06,18.780416666666667,51.643055555555556,Clear sky
San Marino,2023,2023-07,23.173924731182797,26.541666666666668,Clear sky
San Marino,2023,2023-08,21.963844086021506,26.259408602150536,Clear sky
San Marino,2023,2023-09,18.699166666666667,43.083333333333336,Clear sky
San Marino,2023,2023-10,16.503494623655914,55.52956989247312,Overcast
San Marino,2023,2023-11,9.01125,59.2625,Overcast
San Marino,2023,2023-12,6.153763440860215,60.1505376344086,Overcast
San Marino,2024,2024-01,4.588306451612903,63.303763440860216,Overcast
San Marino,2024,2024-02,7.431752873563219,62.75,Overcast
San Marino,2024,2024-03,9.071908602150538,70.39516129032258,Overcast
San Marino,2024,2024-04,11.133333333333333,59.49722222222222,Overcast
San Marino,2024,2024-05,14.430241935483872,57.52150537634409,Overcast
San Marino,2024,2024-06,19.6175,42.55277777777778,Clear sky
San Marino,2024,2024-07,23.670698924731184,22.263440860215052,Clear sky
San Marino,2024,2024-08,23.840994623655916,36.240591397849464,Clear sky
San Marino,2024,2024-09,16.752222222222223,58.59583333333333,Clear sky
San Marino,2024,2024-10,14.029704301075268,74.18413978494624,Overcast
San Marino,2024,2024-11,7.270277777777778,57.80972222222222,Overcast
San Marino,2024,2024-12,3.2655913978494624,58.454301075268816,Clear sky
San Marino,2025,2025-01,4.601209677419355,75.96102150537635,Overcast
San Marino,2025,2025-02,4.132142857142857,74.57589285714286,Overcast
San Marino,2025,2025-03,7.225,56.86290322580645,Clear sky
San Marino,2025,2025-04,10.540000000000001,50.30416666666667,Clear sky
San Marino,2025,2025-05,13.661962365591398,49.001344086021504,Clear sky
San Marino,2025,2025-06,21.966250000000002,21.929166666666667,Clear sky
San Marino,2025,2025-07,21.726344086021506,35.075268817204304,Clear sky
San Marino,2025,2025-08,20.83037634408602,37.986559139784944,Clear sky
San Marino,2025,2025-09,17.735833333333332,40.331944444444446,Clear sky
San Marino,2025,2025-10,11.90241935483871,50.51209677419355,Clear sky
San Marino,2025,2025-11,10.536805555555555,37.951388888888886,Clear sky
Serbia,2023,2023-01,4.919623655913978,81.02822580645162,Overcast
Serbia,2023,2023-02,3.479315476190476,61.194940476190474,Overcast
Serbia,2023,2023-03,8.575806451612904,66.94623655913979,Overcast
Serbia,2023,2023-04,10.060555555555556,67.89861111111111,Overcast
Serbia,2023,2023-05,16.536962365591396,66.04032258064517,Overcast
Serbia,2023,2023-06,20.376805555555556,62.27916666666667,Overcast
Serbia,2023,2023-07,24.279032258064515,32.233870967741936,Clear sky
Serbia,2023,2023-08,23.158198924731185,32.416666666666664,Clear sky
Serbia,2023,2023-09,21.017083333333332,31.656944444444445,Clear sky
Serbia,2023,2023-10,16.837231182795698,51.08736559139785,Overcast
Serbia,2023,2023-11,8.872916666666667,68.06527777777778,Overcast
Serbia,2023,2023-12,5.446639784946237,60.16935483870968,Overcast
Serbia,2024,2024-01,2.600537634408602,60.33870967741935,Overcast
Serbia,2024,2024-02,9.109913793103448,64.27442528735632,Overcast
Serbia,2024,2024-03,11.08239247311828,65.66532258064517,Overcast
Serbia,2024,2024-04,15.19375,48.97638888888889,Clear sky
Serbia,2024,2024-05,17.90470430107527,59.95161290322581,Overcast
Serbia,2024,2024-06,23.97902777777778,41.85138888888889,Clear sky
Serbia,2024,2024-07,25.876209677419357,27.158602150537636,Clear sky
Serbia,2024,2024-08,26.525134408602153,34.053763440860216,Clear sky
Serbia,2024,2024-09,19.43236111111111,47.080555555555556,Clear sky
Serbia,2024,2024-10,13.994086021505376,46.848118279569896,Clear sky
Serbia,2024,2024-11,5.745694444444444,60.48888888888889,Overcast
Serbia,2024,2024-12,3.110483870967742,69.18413978494624,Overcast
Serbia,2025,2025-01,3.817204301075269,70.73118279569893,Overcast
Serbia,2025,2025-02,2.025297619047619,54.388392857142854,Overcast
Serbia,2025,2025-03,10.111155913978495,61.11693548387097,Overcast
Serbia,2025,2025-04,13.429166666666667,55.62083333333333,Overcast
Serbia,2025,2025-05,16.068548387096776,48.30510752688172,Clear sky
Serbia,2025,2025-06,25.311944444444443,13.723611111111111,Clear sky
Serbia,2025,2025-07,24.70456989247312,30.143817204301076,Clear sky
Serbia,2025,2025-08,24.15510752688172,27.317204301075268,Clear sky
Serbia,2025,2025-09,20.469444444444445,43.701388888888886,Clear sky
Serbia,2025,2025-10,11.902284946236557,63.64247311827957,Overcast
Serbia,2025,2025-11,11.822916666666666,30.15972222222222,Clear sky
Slovakia,2023,2023-01,3.4081989247311824,84.49193548387096,Overcast
Slovakia,2023,2023-02,3.2943452380952385,59.163690476190474,Overcast
Slovakia,2023,2023-03,7.484677419354839,71.28897849462365,Overcast
Slovakia,2023,2023-04,8.976944444444444,72.89583333333333,Overcast
Slovakia,2023,2023-05,15.170295698924733,62.93010752688172,Overcast
Slovakia,2023,2023-06,20.155,55.59583333333333,Overcast
Slovakia,2023,2023-07,23.17271505376344,51.443548387096776,Clear sky
Slovakia,2023,2023-08,21.496774193548386,49.20564516129032,Clear sky
Slovakia,2023,2023-09,19.41027777777778,37.17777777777778,Clear sky
Slovakia,2023,2023-10,14.56733870967742,69.13709677419355,Overcast
Slovakia,2023,2023-11,6.415694444444445,63.975,Overcast
Slovakia,2023,2023-12,2.6663978494623657,76.16666666666667,Overcast
Slovakia,2024,2024-01,1.1629032258064518,57.130376344086024,Overcast
Slovakia,2024,2024-02,8.057327586206895,78.29022988505747,Overcast
Slovakia,2024,2024-03,9.184677419354838,65.56586021505376,Overcast
Slovakia,2024,2024-04,12.620277777777778,67.73194444444445,Overcast
Slovakia,2024,2024-05,16.924462365591395,63.92204301075269,Overcast
Slovakia,2024,2024-06,20.72597222222222,60.731944444444444,Overcast
Slovakia,2024,2024-07,23.945430107526885,44.340053763440864,Clear sky
Slovakia,2024,2024-08,24.349193548387095,46.821236559139784,Clear sky
Slovakia,2024,2024-09,17.460833333333333,55.06388888888889,Clear sky
Slovakia,2024,2024-10,11.979032258064516,65.31720430107526,Overcast
Slovakia,2024,2024-11,4.625,64.55416666666666,Overcast
Slovakia,2024,2024-12,2.322715053763441,66.2513440860215,Overcast
Slovakia,2025,2025-01,1.9018817204301075,78.77553763440861,Overcast
Slovakia,2025,2025-02,1.2991071428571428,59.55059523809524,Overcast
Slovakia,2025,2025-03,7.808467741935484,46.66532258064516,Clear sky
Slovakia,2025,2025-04,12.846666666666668,53.93194444444445,Overcast
Slovakia,2025,2025-05,14.53481182795699,55.87903225806452,Overcast
Slovakia,2025,2025-06,22.266666666666666,34.668055555555554,Clear sky
Slovakia,2025,2025-07,21.701209677419357,52.18413978494624,Clear sky
Slovakia,2025,2025-08,21.421236559139786,36.24327956989247,Clear sky
Slovakia,2025,2025-09,17.267777777777777,47.486111111111114,Clear sky
Slovakia,2025,2025-10,10.609677419354838,62.159946236559136,Overcast
Slovakia,2025,2025-11,9.869444444444445,46.55555555555556,Clear sky
Slovenia,2023,2023-01,2.6586021505376345,87.14516129032258,Overcast
Slovenia,2023,2023-02,1.4377976190476192,65.66369047619048,Overcast
Slovenia,2023,2023-03,6.80752688172043,72.80645161290323,Overcast
Slovenia,2023,2023-04,8.54625,70.81944444444444,Overcast
Slovenia,2023,2023-05,14.456854838709678,68.28763440860214,Overcast
Slovenia,2023,2023-06,19.275694444444444,49.03194444444444,Clear sky
Slovenia,2023,2023-07,21.55456989247312,49.36424731182796,Clear sky
Slovenia,2023,2023-08,20.57002688172043,45.19758064516129,Clear sky
Slovenia,2023,2023-09,17.925833333333333,40.77361111111111,Clear sky
Slovenia,2023,2023-10,14.34018817204301,70.5510752688172,Overcast
Slovenia,2023,2023-11,6.136666666666666,66.25277777777778,Overcast
Slovenia,2023,2023-12,2.99247311827957,74.5,Overcast
Slovenia,2024,2024-01,0.09744623655913977,66.2513440860215,Overcast
Slovenia,2024,2024-02,5.306609195402299,78.375,Overcast
Slovenia,2024,2024-03,8.205645161290322,77.05510752688173,Overcast
Slovenia,2024,2024-04,11.105138888888888,66.21527777777777,Overcast
Slovenia,2024,2024-05,14.97741935483871,69.88306451612904,Overcast
Slovenia,2024,2024-06,19.510416666666668,61.14861111111111,Overcast
Slovenia,2024,2024-07,23.077016129032256,35.54704301075269,Clear sky
Slovenia,2024,2024-08,23.668413978494623,42.71639784946237,Clear sky
Slovenia,2024,2024-09,16.50722222222222,60.858333333333334,Clear sky
Slovenia,2024,2024-10,12.761559139784946,77.01344086021506,Overcast
Slovenia,2024,2024-11,4.210833333333333,69.15972222222223,Overcast
Slovenia,2024,2024-12,0.6026881720430107,58.69489247311828,Overcast
Slovenia,2025,2025-01,2.29247311827957,75.99596774193549,Overcast
Slovenia,2025,2025-02,2.1002976190476192,69.69494047619048,Overcast
Slovenia,2025,2025-03,6.751612903225806,58.72043010752688,Clear sky
Slovenia,2025,2025-04,11.496805555555557,55.02916666666667,Clear sky
Slovenia,2025,2025-05,14.421370967741936,58.108870967741936,Overcast
Slovenia,2025,2025-06,23.31222222222222,35.67638888888889,Clear sky
Slovenia,2025,2025-07,21.144220430107527,48.32258064516129,Clear sky
Slovenia,2025,2025-08,20.526612903225807,40.10618279569893,Clear sky
Slovenia,2025,2025-09,17.15791666666667,58.540277777777774,Overcast
Slovenia,2025,2025-10,10.095967741935484,60.03225806451613,Overcast
Slovenia,2025,2025-11,9.422222222222222,48.43055555555556,Clear sky
Spain,2023,2023-01,4.88508064516129,47.465053763440864,Clear sky
Spain,2023,2023-02,5.978125,32.89136904761905,Clear sky
Spain,2023,2023-03,11.8627688172043,51.06586021505376,Clear sky
Spain,2023,2023-04,17.04083333333333,50.0125,Clear sky
Spain,2023,2023-05,17.36975806451613,58.435483870967744,Overcast
Spain,2023,2023-06,22.559722222222224,52.019444444444446,Clear sky
Spain,2023,2023-07,27.822043010752687,13.36021505376344,Clear sky
Spain,2023,2023-08,27.858064516129033,16.932795698924732,Clear sky
Spain,2023,2023-09,19.423333333333332,46.6,Clear sky
Spain,2023,2023-10,16.726612903225806,58.69086021505376,Overcast
Spain,2023,2023-11,10.420694444444443,60.74444444444445,Overcast
Spain,2023,2023-12,5.678763440860215,48.82392473118279,Clear sky
Spain,2024,2024-01,7.005645161290323,73.80376344086021,Overcast
Spain,2024,2024-02,8.502729885057471,58.67528735632184,Overcast
Spain,2024,2024-03,10.171908602150538,69.01747311827957,Overcast
Spain,2024,2024-04,13.836805555555555,41.56527777777778,Clear sky
Spain,2024,2024-05,17.57540322580645,44.24731182795699,Clear sky
Spain,2024,2024-06,21.827916666666667,44.84166666666667,Clear sky
Spain,2024,2024-07,27.92728494623656,15.28494623655914,Clear sky
Spain,2024,2024-08,28.19744623655914,17.893817204301076,Clear sky
Spain,2024,2024-09,19.716527777777777,33.41111111111111,Clear sky
Spain,2024,2024-10,15.432930107526882,66.62903225806451,Overcast
Spain,2024,2024-11,10.977222222222222,57.05833333333333,Overcast
Spain,2024,2024-12,5.985752688172043,37.57392473118279,Clear sky
Spain,2025,2025-01,6.432795698924731,60.31182795698925,Overcast
Spain,2025,2025-02,7.947619047619048,55.495535714285715,Overcast
Spain,2025,2025-03,8.208736559139785,71.15188172043011,Drizzle: Light
Spain,2025,2025-04,13.069444444444445,52.708333333333336,Clear sky
Spain,2025,2025-05,17.551747311827956,41.833333333333336,Clear sky
Spain,2025,2025-06,27.040694444444444,37.581944444444446,Clear sky
Spain,2025,2025-07,27.325806451612905,12.668010752688172,Clear sky
Spain,2025,2025-08,28.686021505376345,27.586021505376344,Clear sky
Spain,2025,2025-09,21.97652777777778,35.294444444444444,Clear sky
Spain,2025,2025-10,17.67311827956989,53.83064516129032,Overcast
Spain,2025,2025-11,12.213194444444445,71.08333333333333,Overcast
Sweden,2023,2023-01,0.4771505376344086,83.26478494623656,Overcast
Sweden,2023,2023-02,-0.3872023809523809,78.34821428571429,Overcast
Sweden,2023,2023-03,-0.5780913978494624,78.19086021505376,Overcast
Sweden,2023,2023-04,4.400277777777777,45.325,Clear sky
Sweden,2023,2023-05,10.85779569892473,44.88709677419355,Clear sky
Sweden,2023,2023-06,16.89361111111111,45.41388888888889,Clear sky
Sweden,2023,2023-07,16.731720430107526,50.88306451612903,Clear sky
Sweden,2023,2023-08,16.409005376344084,75.41532258064517,Overcast
Sweden,2023,2023-09,15.369583333333335,69.74444444444444,Overcast
Sweden,2023,2023-10,6.679838709677419,66.64381720430107,Overcast
Sweden,2023,2023-11,1.4494444444444443,88.14583333333333,Overcast
Sweden,2023,2023-12,-2.3940860215053763,87.33467741935483,Overcast
Sweden,2024,2024-01,-3.473252688172043,84.79838709677419,Overcast
Sweden,2024,2024-02,-0.1206896551724138,81.0603448275862,Overcast
Sweden,2024,2024-03,2.177284946236559,74.25537634408602,Overcast
Sweden,2024,2024-04,4.336666666666667,84.39166666666667,Overcast
Sweden,2024,2024-05,12.939112903225807,39.70564516129032,Clear sky
Sweden,2024,2024-06,16.27958333333333,50.525,Clear sky
Sweden,2024,2024-07,17.808736559139785,61.93682795698925,Overcast
Sweden,2024,2024-08,17.64462365591398,53.81989247311828,Overcast
Sweden,2024,2024-09,14.039305555555554,57.97361111111111,Overcast
Sweden,2024,2024-10,9.301209677419354,65.26612903225806,Overcast
Sweden,2024,2024-11,3.462638888888889,68.97083333333333,Overcast
Sweden,2024,2024-12,1.4291666666666667,75.54569892473118,Overcast
Sweden,2025,2025-01,-0.3637096774193549,75.81048387096774,Overcast
Sweden,2025,2025-02,-1.2205357142857143,66.10714285714286,Overcast
Sweden,2025,2025-03,3.9893817204301074,63.950268817204304,Overcast
Sweden,2025,2025-04,7.291805555555556,64.61111111111111,Overcast
Sweden,2025,2025-05,9.605376344086022,59.221774193548384,Overcast
Sweden,2025,2025-06,15.335555555555556,59.4875,Overcast
Sweden,2025,2025-07,19.138306451612902,52.41129032258065,Clear sky
Sweden,2025,2025-08,15.978091397849463,55.20295698924731,Overcast
Sweden,2025,2025-09,14.695555555555554,57.833333333333336,Overcast
Sweden,2025,2025-10,8.25241935483871,69.97311827956989,Overcast
Sweden,2025,2025-11,9.319444444444445,90.77777777777777,Overcast
Switzerland,2023,2023-01,1.3030913978494623,81.40725806451613,Overcast
Switzerland,2023,2023-02,2.7666666666666666,56.870535714285715,Overcast
Switzerland,2023,2023-03,6.124731182795699,77.89381720430107,Overcast
Switzerland,2023,2023-04,7.4944444444444445,73.31388888888888,Overcast
Switzerland,2023,2023-05,12.981720430107526,66.91935483870968,Overcast
Switzerland,2023,2023-06,19.43111111111111,41.390277777777776,Clear sky
Switzerland,2023,2023-07,19.830779569892474,54.225806451612904,Clear sky
Switzerland,2023,2023-08,20.05013440860215,52.416666666666664,Clear sky
Switzerland,2023,2023-09,17.81861111111111,44.18333333333333,Clear sky
Switzerland,2023,2023-10,12.553225806451614,61.71370967741935,Overcast
Switzerland,2023,2023-11,5.495555555555556,77.52083333333333,Overcast
Switzerland,2023,2023-12,3.197983870967742,73.55376344086021,Overcast
Switzerland,2024,2024-01,1.8599462365591397,78.77822580645162,Overcast
Switzerland,2024,2024-02,5.608908045977012,76.04885057471265,Overcast
Switzerland,2024,2024-03,7.005645161290323,78.40725806451613,Overcast
Switzerland,2024,2024-04,8.835833333333333,74.73333333333333,Overcast
Switzerland,2024,2024-05,12.995967741935484,69.94220430107526,Overcast
Switzerland,2024,2024-06,16.936944444444446,69.59583333333333,Overcast
Switzerland,2024,2024-07,19.695564516129032,59.994623655913976,Overcast
Switzerland,2024,2024-08,20.329301075268816,45.42741935483871,Clear sky
Switzerland,2024,2024-09,13.672500000000001,65.90833333333333,Overcast
Switzerland,2024,2024-10,10.970161290322581,69.32795698924731,Overcast
Switzerland,2024,2024-11,4.4847222222222225,69.36527777777778,Overcast
Switzerland,2024,2024-12,1.125,64.02956989247312,Overcast
Switzerland,2025,2025-01,1.394758064516129,73.35618279569893,Overcast
Switzerland,2025,2025-02,2.3398809523809527,77.49404761904762,Overcast
Switzerland,2025,2025-03,6.102150537634409,61.520161290322584,Overcast
Switzerland,2025,2025-04,9.65125,45.56944444444444,Clear sky
Switzerland,2025,2025-05,13.143413978494625,64.44086021505376,Overcast
Switzerland,2025,2025-06,20.22041666666667,43.520833333333336,Clear sky
Switzerland,2025,2025-07,18.77204301075269,48.14650537634409,Clear sky
Switzerland,2025,2025-08,19.26438172043011,40.37096774193548,Clear sky
Switzerland,2025,2025-09,14.122361111111111,62.102777777777774,Overcast
Switzerland,2025,2025-10,9.078629032258064,71.90860215053763,Overcast
Switzerland,2025,2025-11,7.230555555555556,61.90972222222222,Overcast
Ukraine,2023,2023-01,-0.11169354838709676,89.36290322580645,Overcast
Ukraine,2023,2023-02,-0.7779761904761904,76.48214285714286,Overcast
Ukraine,2023,2023-03,4.339112903225807,76.11424731182795,Overcast
Ukraine,2023,2023-04,9.00625,81.89166666666667,Overcast
Ukraine,2023,2023-05,15.303897849462366,45.01881720430107,Clear sky
Ukraine,2023,2023-06,19.656944444444445,62.66388888888889,Overcast
Ukraine,2023,2023-07,21.168413978494623,60.094086021505376,Overcast
Ukraine,2023,2023-08,23.184811827956988,35.51209677419355,Clear sky
Ukraine,2023,2023-09,18.049722222222222,33.46527777777778,Clear sky
Ukraine,2023,2023-10,11.213978494623657,66.16263440860214,Overcast
Ukraine,2023,2023-11,3.6902777777777778,73.65972222222223,Overcast
Ukraine,2023,2023-12,0.2814516129032258,90.03629032258064,Overcast
Ukraine,2024,2024-01,-2.6438172043010755,90.23252688172043,Overcast
Ukraine,2024,2024-02,2.820545977011494,92.09770114942529,Overcast
Ukraine,2024,2024-03,4.199327956989247,71.24596774193549,Overcast
Ukraine,2024,2024-04,11.836527777777777,66.05972222222222,Overcast
Ukraine,2024,2024-05,15.49744623655914,47.983870967741936,Clear sky
Ukraine,2024,2024-06,20.764166666666668,50.84583333333333,Clear sky
Ukraine,2024,2024-07,23.809543010752687,44.465053763440864,Clear sky
Ukraine,2024,2024-08,22.16155913978495,36.5994623655914,Clear sky
Ukraine,2024,2024-09,19.533472222222223,51.143055555555556,Overcast
Ukraine,2024,2024-10,10.28024193548387,67.04166666666667,Overcast
Ukraine,2024,2024-11,2.5706944444444444,77.74722222222222,Overcast
Ukraine,2024,2024-12,0.029301075268817197,90.28763440860214,Overcast
Ukraine,2025,2025-01,1.9618279569892472,83.40725806451613,Overcast
Ukraine,2025,2025-02,-4.6797619047619055,65.86607142857143,Overcast
Ukraine,2025,2025-03,6.919758064516129,68.36827956989248,Overcast
Ukraine,2025,2025-04,10.7975,51.959722222222226,Clear sky
Ukraine,2025,2025-05,13.663709677419353,66.78360215053763,Overcast
Ukraine,2025,2025-06,19.387083333333333,49.419444444444444,Clear sky
Ukraine,2025,2025-07,22.858467741935485,50.82258064516129,Clear sky
Ukraine,2025,2025-08,19.870698924731183,28.932795698924732,Clear sky
Ukraine,2025,2025-09,16.49972222222222,43.93194444444445,Clear sky
Ukraine,2025,2025-10,8.64731182795699,82.94354838709677,Overcast
Ukraine,2025,2025-11,9.213194444444445,80.83333333333333,Overcast
United Kingdom,2023,2023-01,5.115456989247312,68.09543010752688,Overcast
United Kingdom,2023,2023-02,6.051339285714286,75.77083333333333,Overcast
United Kingdom,2023,2023-03,7.504032258064516,83.61559139784946,Overcast
United Kingdom,2023,2023-04,8.84986111111111,65.68472222222222,Overcast
United Kingdom,2023,2023-05,12.721236559139786,67.53091397849462,Overcast
United Kingdom,2023,2023-06,18.15652777777778,51.92777777777778,Clear sky
United Kingdom,2023,2023-07,17.48508064516129,64.51612903225806,Overcast
United Kingdom,2023,2023-08,17.409274193548388,60.37231182795699,Overcast
United Kingdom,2023,2023-09,18.2875,62.19583333333333,Overcast
United Kingdom,2023,2023-10,13.26989247311828,77.00806451612904,Overcast
United Kingdom,2023,2023-11,7.733750000000001,62.03472222222222,Overcast
United Kingdom,2023,2023-12,7.731586021505376,79.65188172043011,Overcast
United Kingdom,2024,2024-01,5.060215053763441,70.87768817204301,Overcast
United Kingdom,2024,2024-02,8.522701149425288,85.45833333333333,Overcast
United Kingdom,2024,2024-03,8.530779569892472,79.41263440860214,Overcast
United Kingdom,2024,2024-04,10.134305555555555,75.85277777777777,Overcast
United Kingdom,2024,2024-05,14.091935483870968,68.9260752688172,Overcast
United Kingdom,2024,2024-06,15.579722222222221,58.84166666666667,Overcast
United Kingdom,2024,2024-07,17.601881720430107,64.0497311827957,Overcast
United Kingdom,2024,2024-08,18.66720430107527,59.85752688172043,Overcast
United Kingdom,2024,2024-09,15.081944444444444,66.825,Overcast
United Kingdom,2024,2024-10,12.189247311827955,70.10887096774194,Overcast
United Kingdom,2024,2024-11,8.284722222222221,82.95,Overcast
United Kingdom,2024,2024-12,7.702284946236559,86.8736559139785,Overcast
United Kingdom,2025,2025-01,4.166263440860215,75.09408602150538,Overcast
United Kingdom,2025,2025-02,5.491071428571429,73.08630952380952,Overcast
United Kingdom,2025,2025-03,8.304166666666667,51.418010752688176,Clear sky
United Kingdom,2025,2025-04,12.380694444444446,44.05,Clear sky
United Kingdom,2025,2025-05,15.161827956989248,55.4744623655914,Overcast
United Kingdom,2025,2025-06,19.5425,54.18611111111111,Overcast
United Kingdom,2025,2025-07,20.38024193548387,59.418010752688176,Overcast
United Kingdom,2025,2025-08,19.165591397849465,59.60618279569893,Overcast
United Kingdom,2025,2025-09,15.140694444444444,50.77361111111111,Clear sky
United Kingdom,2025,2025-10,12.386962365591398,76.00940860215054,Overcast
United Kingdom,2025,2025-11,13.333333333333334,74.80555555555556,Overcast
